theta2_rad,w4_over_w2,MA,tau4_Nm,Ax,Ay,Bx,By,Cx,Cy,Dx,Dy
2.963569069886372,0.24793509045828444,4.033313711873519,-0.40333137118735196,17.070787674407736,5.404307745941832,17.070787674407736,5.404307745941834,17.071112480970864,5.406112944923351,17.07111248097086,5.406112944923349
2.947983962197054,0.2535346987908582,3.9442332933879953,-0.39442332933879953,16.618501597268917,5.201075236200637,16.618501597268917,5.201075236200634,16.618853717300972,5.202871174879748,16.61885371730098,5.202871174879748
2.9323988545077366,0.25909985135186275,3.859515915514672,-0.38595159155146724,16.18631471479994,5.007985011041516,16.186314714799945,5.007985011041511,16.186693927612858,5.009771225063817,16.186693927612858,5.0097712250638144
2.9168137468184203,0.2646296577424323,3.7788659386519474,-0.37788659386519474,15.77292136725328,4.824371655269571,15.772921367253273,4.824371655269566,15.773327444189913,4.826147688023671,15.773327444189919,4.826147688023667
2.9012286391291044,0.27012323777775293,3.7020139704632213,-0.37020139704632216,15.377132730035974,4.649627859334439,15.377132730035981,4.649627859334441,15.37756543475706,4.651393262098544,15.377565434757065,4.651393262098549
2.8856435314397864,0.27557972082092874,3.628714032444348,-0.36287140324443484,14.99786410143886,4.483198122259694,14.99786410143886,4.48319812225969,14.998323190213126,4.48495245433889,14.998323190213123,4.484952454338892
2.870058423750469,0.2809982500018293,3.5587410241647053,-0.35587410241647055,14.634123530043684,4.324573169150035,14.63412353004368,4.324573169150034,14.634608752036762,4.3263159979883,14.634608752036765,4.326315997988303
2.854473316061153,0.28637797755415306,3.491888617066944,-0.34918886170669444,14.285002364700091,4.173285229885918,14.285002364700087,4.17328522988592,14.28551346226851,4.175016131181384,14.285513462268518,4.175016131181384
2.838888208371835,0.2917180714767653,3.427967266263954,-0.34279672662639543,13.949666343381107,4.0289036996443155,13.9496663433811,4.028903699644313,13.950203052361223,4.030622257431833,13.950203052361216,4.030622257431834
2.8233031006825193,0.29701770976053865,3.366802608525327,-0.3366802608525327,13.627348406505888,3.8910315299362246,13.627348406505892,3.8910315299362295,13.627910456507973,3.8927373366758307,13.627910456507975,3.8927373366758315
2.8077179929932012,0.30227608549537877,3.308233922512167,-0.3308233922512167,13.317341800076452,3.7593018699073966,13.31734180007645,3.759301869907394,13.317928914773452,3.7609945265453923,13.31792891477345,3.760994526545394
2.7921328853038854,0.30749240886862594,3.2521128039529694,-0.32521128039529695,13.018994143201251,3.6333751516255877,13.018994143201253,3.6333751516255837,13.019606040614272,3.6350542676389352,13.019606040614272,3.635054267638933
2.7765477776145673,0.31266590250211834,3.198302059794399,-0.31983020597943995,12.731702472378998,3.5129365991631847,12.731702472378995,3.512936599163184,12.732338865165078,3.514601792605654,12.732338865165069,3.5146017926056494
2.76096266992525,0.3177958052269503,3.14667463683437,-0.314667463683437,12.454908450794326,3.3976938966927737,12.454908450794324,3.3976938966927692,12.455569046528183,3.3993447942190635,12.45556904652818,3.399344794219065
2.7453775622359338,0.32288137363778446,3.0971126910585505,-0.30971126910585506,12.188094208893508,3.287375146409108,12.18809420889351,3.2873751464091026,12.188778710344359,3.2890113832842145,12.188778710344357,3.2890113832842154
2.729792454546618,0.32792188009445056,3.049506790190311,-0.3049506790190311,11.930778779851318,3.181727090256773,11.930778779851325,3.1817270902567754,11.931486885258074,3.1833483103600213,11.931486885258076,3.1833483103600213
2.7142073468573,0.33291661138967754,3.0037551921057615,-0.30037551921057615,11.682514877212542,3.0805135082194735,11.682514877212544,3.080513508219476,11.683246280556297,3.0821193640410445,11.683246280556297,3.0821193640410462
2.6986222391679826,0.3378648760765657,2.9597631207257655,-0.2959763120725766,11.442885674710984,2.9835136868315146,11.442885674710983,2.9835136868315177,11.443640065974895,2.9851038394409546,11.443640065974895,2.9851038394409537
2.6830371314786663,0.34276599691906995,2.917442246280073,-0.2917442246280073,11.211502484492323,2.890521210239541,11.21150248449232,2.890521210239541,11.212279549924554,2.892095329263161,11.212279549924558,2.892095329263159
2.667452023789348,0.34761931622107056,2.8767101059598312,-0.28767101059598316,10.988002186701321,2.801342732374403,10.988002186701321,2.8013427323744033,10.988801609066563,2.8029004959504324,10.988801609066568,2.8029004959504324
2.651866916100033,0.3524241924957039,2.837489653926611,-0.2837489653926611,10.772045228619199,2.71579696130015,10.772045228619199,2.715796961300149,10.772866687448026,2.7173380560327653,10.77286668744803,2.717338056032767
2.6362818084107147,0.35718000446216536,2.79970879530555,-0.27997087953055505,10.563313563954393,2.6337136699011783,10.563313563954397,2.633713669901177,10.564156735781802,2.635237790796994,10.5641567357818,2.6352377907969924
2.620696700721399,0.3618861454945943,2.763300039113925,-0.2763300039113925,10.361509112275968,2.554932891452479,10.361509112275973,2.5549328914524794,10.36237367087979,2.5564397418610594,10.362373670879796,2.556439741861061
2.6051115930320807,0.36654203050545675,2.728200088325513,-0.2728200088325513,10.166351956786274,2.479304077424903,10.166351956786276,2.4793040774248998,10.167237573410748,2.480793368956813,10.167237573410745,2.4807933689568116
2.5895264853427635,0.37114709261487633,2.6943495446902443,-0.26943495446902443,9.977579042070756,2.4066854258466304,9.977579042070754,2.406685425846631,9.978485385646781,2.408156878291687,9.978485385646785,2.408156878291687
2.573941377653447,0.3757007798199652,2.6616926386982676,-0.26616926386982676,9.79494298485316,2.3369432674066495,9.79494298485316,2.33694326740665,9.795869722215441,2.338396608651883,9.795869722215437,2.338396608651882
2.5583562699641313,0.3802025592136715,2.630176930076912,-0.26301769300769123,9.61821076582827,2.2699514452092835,9.618210765828268,2.269951445209282,9.619157561919947,2.271386411141872,9.619157561919948,2.2713864111418722
2.5427711622748137,0.38465191765091333,2.599753060135629,-0.25997530601356295,9.447162649242843,2.2055907801381736,9.447162649242841,2.205590780138171,9.448129167311611,2.2070071145415735,9.448129167311613,2.207007114541573
2.5271860545854956,0.389048357529731,2.570374557932892,-0.25703745579328924,9.281591335902045,2.143748618756632,9.281591335902046,2.1437486187566335,9.282577237693829,2.145146073209313,9.28257723769383,2.1451460732093137
2.5116009468961797,0.39339139901173326,2.5419976199585745,-0.2541997619958575,9.121301008837902,2.0843183715541986,9.1213010088379,2.084318371554198,9.12230595478003,2.0856967053190383,9.122305954780028,2.085696705319038
2.4960158392068617,0.39768057957800806,2.514580925880597,-0.25145809258805973,8.966106536654548,2.0271991102855598,8.966106536654548,2.0271991102855607,8.967130186031651,2.0285580901955855,8.967130186031651,2.0285580901955855
2.4804307315175462,0.4019154520307211,2.4880854790414064,-0.24880854790414064,8.815832785333567,1.972295208875165,8.815832785333562,1.972295208875166,8.816874796458185,1.9736346092185073,8.816874796458189,1.9736346092185075
2.464845623828228,0.40609558848991867,2.4624744231242124,-0.24624744231242124,8.670313834272736,1.919515974436651,8.670313834272735,1.9195159744366492,8.671373864642957,1.9208355768310248,8.671373864642964,1.9208355768310268
2.4492605161389123,0.41022057306605575,2.4377129419079013,-0.24377129419079016,8.529392544547658,1.8687753808638288,8.52939254454766,1.8687753808638312,8.530470251006394,1.8700749741399054,8.530470251006399,1.8700749741399063
2.433675408449594,0.4142900082992895,2.413768085079147,-0.2413768085079147,8.39291982076065,1.819991736742196,8.392919820760651,1.8199917367421976,8.394014859638794,1.8212711168132822,8.394014859638792,1.8212711168132842
2.418090300760277,0.4183035100524535,2.3906086752047675,-0.23906086752047678,8.26075421578447,1.7730874506235406,8.26075421578447,1.7730874506235401,8.261866243043016,1.7743464203609756,8.261866243043018,1.7743464203609767
2.4025051930709607,0.42226071084172645,2.3682051735446072,-0.23682051735446075,8.132761366514009,1.7279887640426885,8.132761366514009,1.7279887640426912,8.13389003787418,1.729227133143809,8.133890037874181,1.7292271331438094
2.3869200853816444,0.42616125384142833,2.346529608184636,-0.2346529608184636,8.008813691547573,1.6846255581141296,8.008813691547568,1.6846255581141303,8.009958662621337,1.6858431429773164,8.009958662621335,1.6858431429773166
2.371334977692327,0.4300047988792244,2.3255554417216406,-0.2325555441721641,7.88878984027935,1.642931107812939,7.888789840279347,1.6429311078129394,7.8899507666846285,1.6441277314021616,7.889950766684628,1.6441277314021625
2.355749870003009,0.4337910175511439,2.3052575077401185,-0.23052575077401186,7.772574429825815,1.6028419141594394,7.772574429825814,1.6028419141594363,7.773750967300868,1.6040174058747572,7.773750967300868,1.6040174058747565
2.340164762313693,0.4375195925554465,2.2856119291921098,-0.228561192919211,7.6600577085203145,1.5642975252213622,7.660057708520315,1.5642975252213633,7.661249513031953,1.5654517207691545,7.661249513031955,1.5654517207691554
2.324579654624375,0.4411902181367111,2.2665960370185068,-0.2266596037018507,7.5511352224505615,1.5272403645397565,7.551135222450562,1.527240364539754,7.552341950294838,1.5283731058014753,7.552341950294842,1.5283731058014773
2.3089945469350597,0.44480260252832693,2.2481882846814405,-0.22481882846814408,7.445707467355895,1.4916155626216607,7.445707467355894,1.4916155626216585,7.446928775248595,1.4927266975191225,7.446928775248592,1.492726697519122
2.2934094392457416,0.4483564588486644,2.230368226584496,-0.2230368226584496,7.343679804457362,1.4573708553906046,7.34367980445736,1.4573708553906068,7.344915349630337,1.4584602377626332,7.3449153496303365,1.4584602377626321
2.2778243315564257,0.4518515150930824,2.2131164035025925,-0.22131164035025927,7.244961995947142,1.4244563993731925,7.244961995947141,1.4244563993731911,7.24621143622448,1.425523888839569,7.246211436224482,1.425523888839569
2.2622392238671076,0.4552875045860105,2.1964143314438034,-0.21964143314438037,7.149468166265223,1.3928246903630788,7.149468166265223,1.392824690363077,7.150731160146317,1.393870152200597,7.150731160146323,1.3938701522005974
2.24665411617779,0.4586641693116178,2.1802444291666414,-0.21802444291666417,7.057116512961717,1.3624304285078033,7.057116512961718,1.3624304285078062,7.058392719693608,1.363453733522393,7.058392719693609,1.3634537335223942
2.231069008488474,0.46198125813745605,2.164589974995185,-0.2164589974995185,6.967829138817507,1.3332304154603714,6.967829138817508,1.3332304154603687,6.969118218463874,1.3342314398617907,6.969118218463876,1.3342314398617916
2.2154839007991582,0.4652385277026383,2.1494350541818403,-0.21494350541818405,6.8815318465285795,1.3051834469431052,6.881531846528579,1.3051834469431052,6.882833460031759,1.3061620722193938,6.882833460031757,1.3061620722193945
2.1998987931098406,0.468435738865125,2.1347645301844196,-0.21347645301844195,6.798154031791883,1.278250230821917,6.798154031791884,1.2782502308219181,6.799467841034353,1.2792063436184584,6.799467841034354,1.2792063436184582
2.1843136854205225,0.4715726571458134,2.120563999729088,-0.21205639997290882,6.717628511272353,1.252393293859499,6.717628511272353,1.2523932938594984,6.718954179132317,1.2533267858583714,6.718954179132319,1.2533267858583728
2.168728577731206,0.474649052950582,2.1068197519486356,-0.21068197519486356,6.639891368246946,1.2275768956812776,6.639891368246946,1.2275768956812796,6.641228558648469,1.228487663481444,6.641228558648469,1.2284876634814441
2.1531434700418886,0.47766469801757694,2.0935187468327467,-0.20935187468327468,6.564881877433677,1.2037669628444583,6.564881877433674,1.2037669628444578,6.566230255396926,1.204654907846454,6.566230255396928,1.204654907846454
2.137558362352573,0.480619367637658,2.080648570021644,-0.20806485700216443,6.492542334816934,1.1809310049616073,6.492542334816934,1.1809310049616064,6.493901566500576,1.1817960332512054,6.493901566500577,1.1817960332512063
2.121973254663255,0.48351283932213107,2.0681974058888835,-0.20681974058888836,6.4228179625497095,1.1590380497911816,6.42281796254971,1.1590380497911812,6.424187715290569,1.1598800720256366,6.4241877152905715,1.1598800720256364
2.1063881469739387,0.48634488702958834,2.0561540311601174,-0.20561540311601176,6.355656897513661,1.1380585982200335,6.355656897513662,1.1380585982200324,6.357036839870286,1.1388775295205782,6.357036839870287,1.1388775295205777
2.090803039284621,0.4891152867170234,2.04450776157922,-0.204450776157922,6.291009991080847,1.1179645413886918,6.2910099910808475,1.1179645413886923,6.292399792864948,1.1187603012292708,6.292399792864953,1.1187603012292702
2.075217931595304,0.49182381389734076,2.033248435198243,-0.20332484351982433,6.22883075784202,1.0987291117970823,6.22883075784202,1.098729111797086,6.230230090149415,1.0995016238966842,6.2302300901494165,1.0995016238966837
2.0596328239059876,0.4944702365339282,2.022366415842675,-0.2022366415842675,6.169075406333897,1.0803268530384074,6.169075406333896,1.0803268530384063,6.170483941581652,1.0810760452602204,6.170483941581652,1.0810760452602208
2.0440477162166713,0.49705432614288725,2.0118525227613286,-0.20118525227613288,6.111702573284672,1.0627335299589014,6.111702573284668,1.0627335299589007,6.113119985228796,1.0634593342020073,6.113119985228795,1.0634593342020071
2.0284626085273536,0.49957584380422304,2.0016980652729206,-0.20016980652729208,6.056673481836364,1.0459261283612564,6.056673481836363,1.0459261283612569,6.058099445605851,1.0466284804643646,6.058099445605851,1.0466284804643653
2.012877500838036,0.5020345472672716,1.991894791789345,-0.1991894791789345,6.003951755844208,1.0298827852400159,6.003951755844209,1.0298827852400143,6.005385947961574,1.0305616248808525,6.005385947961572,1.0305616248808531
1.99729239314872,0.5044301871759416,1.982434884792506,-0.1982434884792506,5.953503420322878,1.014582759010029,5.953503420322879,1.014582759010029,5.954945518726796,1.0152380296086942,5.954945518726796,1.0152380296086947
1.9817072854594022,0.5067625081789373,1.9733109372939268,-0.1973310937293927,5.905296828468157,1.0000063862538653,5.905296828468156,1.0000063862538642,5.906746512531411,1.0006380348765678,5.90674651253141,1.0006380348765673
1.9661221777700861,0.5090312436006883,1.964515955693388,-0.1964515955693388,5.859302696022936,0.9861350614156947,5.859302696022936,0.9861350614156937,5.8607596465749365,0.9867430386830013,5.860759646574932,0.9867430386830013
1.9505370700807685,0.5112361201042859,1.956043324552288,-0.1956043324552288,5.8154939837329,0.9729511874523125,5.815493983732901,0.9729511874523137,5.81695788307265,0.97353544744542,5.816957883072648,0.97353544744542
1.9349519623914526,0.5133768508081005,1.9478868173076207,-0.19478868173076208,5.773845965888899,0.9604381648460132,5.773845965888899,0.9604381648460122,5.7753164978049725,0.9609986650181508,5.775316497804975,0.9609986650181503
1.9193668547021348,0.5154531370621385,1.9400405742015085,-0.19400405742015087,5.734336168466743,0.9485803558407166,5.734336168466743,0.9485803558407181,5.735813018252061,0.9491170569281812,5.735813018252061,0.9491170569281807
1.9037817470128187,0.5174646693362206,1.9324990849766672,-0.19324990849766674,5.696944327924023,0.9373630541761786,5.696944327924028,0.9373630541761785,5.698427182386691,0.93787592010976,5.698427182386692,0.9378759201097603
1.8881966393235006,0.5194111230011345,1.9252571916867014,-0.19252571916867015,5.661652432554575,0.9267724720244788,5.6616524325545745,0.9267724720244793,5.663140980032217,0.9272614698438812,5.66314098003222,0.9272614698438822
1.872611531634185,0.5212921561081885,1.9183100844365304,-0.19183100844365306,5.628444737230514,0.9167957226038812,5.628444737230513,0.9167957226038795,5.6299386676053285,0.917260822373662,5.629938667605328,0.9172608223736622
1.8570264239448673,0.5231074131639701,1.9116532758570293,-0.19116532758570293,5.597307694322547,0.9074207878030034,5.597307694322549,0.9074207878030033,5.598806699028474,0.9078619625272188,5.598806699028476,0.9078619625272192
1.8414413162555494,0.5248565186910525,1.9052826141778991,-0.19052826141778992,5.5682300421523605,0.8986365170707096,5.5682300421523605,0.8986365170707108,5.569733814189128,0.8990537426109417,5.569733814189131,0.8990537426109416
1.8258562085662333,0.526539079670485,1.8991942642240593,-0.18991942642240595,5.541202766355044,0.8904326028776675,5.5412027663550445,0.8904326028776671,5.542711000296341,0.8908258578702037,5.542711000296335,0.8908258578702029
1.8102711008769157,0.5281546813229454,1.8933847135372452,-0.18933847135372453,5.5162191649377945,0.8827995768563932,5.5162191649377945,0.8827995768563945,5.517731556943169,0.8831688426312995,5.517731556943173,0.8831688426312997
1.7946859931875998,0.5297028919937219,1.887850746361136,-0.1887850746361136,5.493274785926614,0.8757287828701728,5.493274785926612,0.8757287828701741,5.494791033744072,0.8760740433687204,5.494791033744072,0.8760740433687206
1.779100885498282,0.5311832502741254,1.882589482036443,-0.1882589482036443,5.47236762836211,0.8692124002683563,5.472367628362109,0.869212400268358,5.473887431346833,0.8695336419649043,5.473887431346834,0.8695336419649049
1.7635157778089658,0.532595274993497,1.8775983320772232,-0.18775983320772233,5.453498017135336,0.8632434069410442,5.4534980171353356,0.8632434069410433,5.455021076251773,0.8635406187612402,5.455021076251777,0.8635406187612409
1.7479306701196478,0.5339384594460483,1.8728750145428412,-0.18728750145428413,5.436668712742844,0.8578155872351703,5.436668712742844,0.8578155872351716,5.438194730572782,0.8580887604759334,5.438194730572782,0.8580887604759329
1.732345562430332,0.5352122698365491,1.8684175538527816,-0.18684175538527817,5.4218849656115005,0.8529235302318927,5.421884965611498,0.8529235302318936,5.4234136463619285,0.8531726584814242,5.423413646361926,0.8531726584814248
1.7167604547410142,0.5364161417276136,1.8642242882164968,-0.1864224288216497,5.409154605188326,0.8485626351626667,5.4091546051883235,0.8485626351626665,5.4106856547020605,0.8487877142207814,5.410685654702061,0.8487877142207808
1.7011753470516975,0.5375494858128604,1.8602938452965696,-0.18602938452965698,5.398488003245919,0.8447290947426325,5.398488003245919,0.8447290947426308,5.400021129001477,0.8449301225391704,5.400021129001479,0.8449301225391703
1.6855902393623805,0.5386116777028604,1.8566251743091184,-0.18566251743091186,5.38989827167744,0.8414199220719745,5.389898271677439,0.8414199220719758,5.3914331828010305,0.8415968985868263,5.391433182801033,0.8415968985868258
1.6700051316730637,0.5396020597014939,1.8532175369256314,-0.18532175369256315,5.3834012969699945,0.8386329484679447,5.383401296969997,0.8386329484679437,5.384937704242364,0.8387858756495936,5.384937704242367,0.8387858756495948
1.654420023983747,0.5405199461350207,1.8500704870384228,-0.1850070487038423,5.379015733042203,0.8363668149202574,5.379015733042204,0.8363668149202572,5.380553348895256,0.8364956966027765,5.380553348895255,0.8364956966027758
1.6388349162944293,0.5413646055885124,1.847183930528501,-0.1847183930528501,5.376763328534239,0.8346210243202234,5.376763328534241,0.8346210243202252,5.378301867070188,0.8347258661417072,5.378301867070187,0.8347258661417074
1.623249808605113,0.542135277559197,1.8445580676878341,-0.18445580676878343,5.376668776927263,0.8333959089922143,5.3766687769272625,0.8333959089922143,5.378207953911187,0.83347671830979,5.378207953911186,0.83347671830979
1.607664700915795,0.5428311586896939,1.8421934407999667,-0.18421934407999668,5.378760005707881,0.832692677712588,5.378760005707882,0.8326926777125848,5.380299538576936,0.8327494635179183,5.38029953857694,0.8327494635179182
1.5920795932264784,0.5434514041002814,1.840090930771564,-0.1840090930771564,5.383068262526927,0.8325134272150212,5.383068262526928,0.8325134272150191,5.384607870394467,0.8325462000480659,5.384607870394469,0.8325462000480657
1.5764944855371614,0.5439951291652534,1.8382517533465317,-0.18382517533465317,5.389628205973775,0.8328611556190655,5.389628205973775,0.8328611556190648,5.391167609627743,0.8328699274803916,5.391167609627742,0.8328699274803917
1.5609093778478444,0.544461399742957,1.836677495359827,-0.18366774953598272,5.398478171058297,0.8337398075328597,5.398478171058295,0.8337398075328608,5.4000170929699935,0.8337245917946944,5.400017092969992,0.8337245917946955
1.545324270158528,0.5448492392812199,1.8353700948894185,-0.18353700948894186,5.409660208923443,0.835154280459764,5.409660208923445,0.8351542804597659,5.411198373242644,0.8351150917752024,5.411198373242642,0.8351150917752028
1.5297391624692107,0.5451576217119225,1.8343318705877503,-0.18343318705877504,5.423220340721116,0.8371104698852383,5.423220340721114,0.8371104698852386,5.424757473277435,0.8370473240958712,5.424757473277436,0.8370473240958708
1.5141540547798937,0.5453854705628203,1.8335655311243115,-0.18335655311243115,5.439208738267158,0.8396153025667585,5.439208738267157,0.8396153025667576,5.440744566568684,0.8395282166084169,5.440744566568683,0.8395282166084168
1.4985689470905772,0.5455316542946065,1.8330741985871353,-0.18330741985871354,5.45767997422521,0.8426767830623048,5.4576799742252105,0.8426767830623045,5.459214227459461,0.8425657748685823,5.459214227459461,0.8425657748685826
1.48298383940126,0.5455949889654477,1.8328614085994284,-0.18328614085994285,5.4786931848571045,0.8463040263784478,5.478693184857106,0.8463040263784504,5.480225593883775,0.8461691147824644,5.480225593883775,0.8461691147824654
1.467398731711943,0.5455742320137347,1.8329311417604217,-0.1832931141760422,5.502312377835017,0.8505073170600888,5.502312377835017,0.8505073170600892,5.503842675182735,0.8503485216937539,5.503842675182735,0.8503485216937544
1.4518136240226263,0.5454680871430639,1.8332878193435405,-0.18332878193435406,5.528606600465406,0.8552981456857625,5.528606600465407,0.8552981456857609,5.5301345203166985,0.855115486877801,5.530134520316699,0.8551154868778005
1.4362285163333088,0.5452751850043569,1.833936382034348,-0.1833936382034348,5.557650479344707,0.8606893105918996,5.557650479344707,0.8606893105918996,5.559175757542692,0.8604828092609176,5.559175757542695,0.8604828092609176
1.4206434086439919,0.5449941020696514,1.8348822422158946,-0.18348822422158947,5.589524231569918,0.8666949306873164,5.589524231569918,0.8666949306873168,5.59104660559301,0.8664646082356936,5.59104660559301,0.8664646082356945
1.405058300954675,0.54462334464489,1.836131355426985,-0.1836131355426985,5.6243142055782736,0.8733305508338489,5.624314205578272,0.8733305508338486,5.625833414531302,0.8730764290371168,5.625833414531303,0.8730764290371179
1.389473193265358,0.5441613493140096,1.8376902388613927,-0.18376902388613928,5.662113212858111,0.8806132132942741,5.66211321285811,0.8806132132942722,5.663628997456551,0.8803353141883681,5.663628997456552,0.8803353141883677
1.373888085576041,0.5436064807184948,1.8395660012704067,-0.18395660012704068,5.70302092857445,0.8885615431085805,5.703020928574449,0.8885615431085813,5.704533031125072,0.8882598888746065,5.704533031125074,0.8882598888746079
1.3583029778867244,0.5429570302251108,1.8417663725348554,-0.18417663725348554,5.747144311985525,0.8971958391885728,5.747144311985524,0.8971958391885717,5.74865247636185,0.8968704520354643,5.748652476361849,0.8968704520354653
1.3427178701974072,0.5422112099306986,1.8442997519874451,-0.18442997519874452,5.794598133302752,0.9065381859842807,5.794598133302753,0.9065381859842787,5.79610210492135,0.9061890880280881,5.796102104921347,0.9061890880280887
1.3271327625080906,0.5413671535503539,1.8471752366981893,-0.18471752366981894,5.845505437381018,0.9166125572625017,5.845505437381018,0.9166125572625031,5.847004963168672,0.9162397704043115,5.847004963168675,0.9162397704043121
1.3115476548187734,0.5404229088679102,1.8504026820306747,-0.1850402682030675,5.899998179024872,0.9274449519469163,5.8999981790248714,0.927444951946916,5.901493007387784,0.9270484977469418,5.9014930073877805,0.9270484977469422
1.2959625471294567,0.5393764379579835,1.8539927398124467,-0.18539927398124467,5.958217788899691,0.9390635216229475,5.958217788899693,0.9390635216229454,5.959707669683473,0.9386434211733665,5.9597076696834765,0.938643421173366
1.2803774394401397,0.5382256147434816,1.8579569099040374,-0.18579569099040374,6.020315831755546,0.9514987173693763,6.020315831755545,0.9514987173693776,6.021800516199162,0.95105499116543,6.021800516199162,0.9510549911654315
1.2647923317508223,0.5369682181122215,1.8623076120140298,-0.186230761201403,6.086454793223742,0.9647834623140445,6.086454793223745,0.9647834623140422,6.087934033912958,0.9643161301217926,6.087934033912959,0.964316130121793
1.2492072240615055,0.5356019312507954,1.867058241677158,-0.1867058241677158,6.1568088342874585,0.9789533233149328,6.156808834287458,0.9789533233149348,6.158282385098631,0.978462404038352,6.158282385098631,0.9784624040383519
1.233622116372188,0.5341243376477678,1.8722232437561332,-0.18722232437561334,6.231564668586936,0.9940467083329656,6.231564668586936,0.9940467083329654,6.233032284625099,0.9935322198794245,6.2330322846251,0.9935322198794241
1.2180370086828713,0.5325329199834528,1.8778181826413147,-0.18778181826413148,6.310922471063972,1.0101050746793456,6.310922471063972,1.0101050746793463,6.312383908590601,1.009567033825319,6.312383908590597,1.009567033825319
1.2024519009935544,0.5308250516922186,1.883859845747855,-0.1883859845747855,6.395096993709703,1.0271731781863611,6.395096993709703,1.0271731781863596,6.396552010069517,1.0266116004402792,6.39655201006952,1.0266116004402788
1.1868667933042378,0.5289979974065773,1.8903663244521132,-0.18903663244521132,6.484318632720877,1.045299321168514,6.484318632720878,1.0452993211685124,6.485766986254826,1.0447142206355502,6.4857669862548315,1.0447142206355495
1.1712816856149206,0.5270489056297123,1.8973571319822984,-0.18973571319822985,6.578834731702278,1.0645356476282544,6.578834731702275,1.064535647628253,6.580276181656502,1.0639270368738023,6.580276181656503,1.0639270368738016
1.155696577925604,0.5249748111779695,1.9048532971632315,-0.19048532971632315,6.678910837528477,1.084938439144966,6.678910837528476,1.0849384391449666,6.680345143945158,1.0843063290629178,6.680345143945161,1.084306329062918
1.140111470236287,0.5227726240786268,1.9128775187156637,-0.19128775187156638,6.784832321026807,1.1065684814315953,6.784832321026806,1.1065684814315944,6.786259244634604,1.10591288111072,6.786259244634604,1.1059128811107204
1.1245263625469701,0.5204391324564739,1.9214542828092074,-0.19214542828092074,6.89690590336693,1.129491425846247,6.89690590336693,1.129491425846246,6.898325205451013,1.1288123424437086,6.898325205451014,1.1288123424437084
1.1089412548576532,0.5179709938740729,1.930610037679284,-0.19306100376792842,7.015461549573738,1.153778224384534,7.015461549573739,1.1537782243845354,7.0168729918403105,1.1530756630008694,7.016872991840313,1.1530756630008712
1.0933561471683353,0.5153647339994905,1.9403733589597707,-0.19403733589597708,7.140854417843283,1.1795055874958695,7.140854417843286,1.179505587495869,7.142257762267673,1.1787795510571641,7.142257762267673,1.1787795510571646
1.0777710394790192,0.5126167446078966,1.950775136627473,-0.1950775136627473,7.273467024190556,1.2067564930748977,7.273467024190558,1.2067564930748966,7.274862032848884,1.2060069822235429,7.274862032848887,1.2060069822235437
1.0621859317897016,0.509723273811602,1.961848813616481,-0.1961848813616481,7.4137117887116775,1.2356207764613005,7.41371178871168,1.2356207764612992,7.415098223605686,1.2348477894514103,7.415098223605687,1.234847789451412
1.0466008241003848,0.5066804305009498,1.9736305959385685,-0.19736305959385686,7.562033573319736,1.2661957381094489,7.562033573319736,1.266195738109449,7.563411196174481,1.2653992707190178,7.563411196174486,1.2653992707190196
1.0310157164110678,0.5034841750184427,1.986159743676889,-0.1986159743676889,7.718912778311667,1.2985868666601057,7.718912778311668,1.2985868666601088,7.720281350363869,1.297766912112196,7.720281350363867,1.2977669121121975
1.0154306087217513,0.5001303189366979,1.9994788600820084,-0.19994788600820085,7.884868597639625,1.332908613052325,7.884868597639628,1.3329086130523238,7.88622787940319,1.33206516195439,7.886227879403187,1.332065161954389
0.9998455010324341,0.49661451928528777,2.0136342397704543,-0.20136342397704543,8.06046276484069,1.3692852747705313,8.060462764840691,1.3692852747705315,8.061812515856165,1.3684183150703118,8.061812515856165,1.368418315070311
0.9842603933431174,0.4929322821034532,2.028676222487954,-0.20286762224879543,8.246303532814709,1.4078519505959903,8.246303532814709,1.40785195059599,8.247643511368869,1.4069614675649456,8.247643511368866,1.406961467564947
0.9686752856538003,0.4890789475631152,2.044659670964371,-0.2044659670964371,8.443050541662174,1.4487556808729387,8.443050541662176,1.448755680872939,8.444380504502014,1.4478416571046357,8.444380504502014,1.4478416571046369
0.9530901779644835,0.4850497036246182,2.061644389280781,-0.20616443892807815,8.65141962742549,1.4921566178300836,8.651419627425492,1.4921566178300802,8.65273932942688,1.4912190332825686,8.65273932942688,1.4912190332825668
0.9375050702751666,0.48083956893929525,2.0796957334562607,-0.2079695733456261,8.8721889532518,1.5382294659953164,8.872188953251804,1.538229465995316,8.87349814708396,1.5372682980540586,8.873498147083966,1.53726829805406
0.921919962585849,0.4764434039516985,2.0988851807073803,-0.20988851807073802,9.10620524585621,1.587164992774925,9.106205245856211,1.5871649927749212,9.107503681602894,1.5861802163671348,9.107503681602896,1.586180216367133
0.906334854896532,0.4718559011296364,2.1192910751057084,-0.21192910751057087,9.354391365920247,1.6391718260526744,9.354391365920243,1.6391718260526722,9.35567879068556,1.6381634137984236,9.355678790685559,1.6381634137984242
0.890749747207215,0.4670715899601774,2.140999413141913,-0.2140999413141913,9.617754520723713,1.6944784301673117,9.617754520723713,1.6944784301673095,9.619030678202131,1.6934463525876349,9.61903067820213,1.6934463525876362
0.8751646395178982,0.4620848341740924,2.1641047834589737,-0.21641047834589738,9.897395813856049,1.7533353897799664,9.897395813856047,1.7533353897799673,9.898660443877093,1.7522796155604565,9.898660443877095,1.7522796155604548
0.8595795318285813,0.45688983618674683,2.1887114153077047,-0.21887114153077047,10.19452095177287,1.816017983456394,10.194520951772866,1.816017983456394,10.195773789810746,1.8149384797809585,10.195773789810753,1.8149384797809582
0.8439944241392646,0.45148063387845383,2.21493442899085,-0.22149344289908499,10.510452728394524,1.8828291690983008,10.510452728394524,1.882829169098305,10.51169350505375,1.8817259020520205,10.511693505053755,1.8817259020520192
0.8284093164499475,0.4458511142502175,2.2429012018545427,-0.2242901201854543,10.846644884020717,1.9541029288617118,10.846644884020716,1.9541029288617071,10.847873324475485,1.9529758639308457,10.847873324475483,1.9529758639308428
0.8128242087606306,0.4399950036537703,2.27275308059383,-0.227275308059383,11.204698816982324,2.0302082516914055,11.204698816982326,2.0302082516914015,11.205914640403181,2.029057354341457,11.20591464040318,2.029057354341457
0.7972391010713138,0.43390588622127524,2.3046472328564787,-0.23046472328564788,11.586382069625808,2.11155359118022,11.586382069625808,2.111553591180218,11.587584988556912,2.1103788275559276,11.587584988556914,2.1103788275559263
0.7816539933819968,0.4275772019779467,2.338758931425856,-0.2338758931425856,11.993650509739545,2.198592164674505,11.993650509739545,2.1985921646745052,11.994840229457234,2.197393502406821,11.994840229457228,2.1973935024068205
0.7660688856926802,0.4210022613859721,2.3752841533627933,-0.23752841533627933,12.428673716373606,2.291828045163845,12.428673716373604,2.29182804516384,12.429849934206908,2.290605454315925,12.429849934206908,2.2906054543159255
0.7504837780033625,0.4141742515617608,2.4144427043188177,-0.24144427043188177,12.893865108156055,2.391823361738915,12.893865108156055,2.3918233617389157,12.895027512785521,2.390576815891539,12.895027512785527,2.3905768158915404
0.7348986703140455,0.4070862502647543,2.4564818864543714,-0.24564818864543714,13.391917248311358,2.499206741214733,13.391917248311364,2.49920674121473,13.393065519040785,2.497936218713512,13.39306551904078,2.49793621871351
0.7193135626247285,0.39973124354997225,2.5016808571656854,-0.25016808571656857,13.925843624091403,2.614683288978732,13.925843624091396,2.6146832889787244,13.926977430094208,2.6133887743615247,13.92697743009422,2.613388774361521
0.7037284549354118,0.3921021394237556,2.5503558880592396,-0.255035588805924,14.499028716391853,2.7390465183270454,14.499028716391859,2.7390465183270485,14.500147715946364,2.7377280039379537,14.500147715946369,2.7377280039379506
0.6881433472460947,0.38419178105542073,2.602866717379743,-0.2602866717379743,15.115288215860433,2.873192668376971,15.115288215860437,2.8731926683769684,15.116392055584534,2.8718501561768326,15.116392055584532,2.8718501561768317
0.6725582395567777,0.3759929857460875,2.659624083187849,-0.2659624083187849,15.778940656800668,3.0181377698148992,15.778940656800668,3.0181377698148997,15.780028970861608,3.0167712734439385,15.780028970861597,3.016771273443941
0.656973131867461,0.367498553588419,2.7210991451137865,-0.27210991451137867,16.494896109773002,3.1750386510024846,16.494896109773002,3.175038651002484,16.495968519129303,3.1736481980551874,16.4959685191293,3.1736481980551887
0.641388024178144,0.35870129944104434,2.7878348964954296,-0.27878348964954297,17.268763829301125,3.3452184473177873,17.268763829301125,3.345218447317784,17.269819940960254,3.343804081877927,17.269819940960257,3.343804081877921
0.6258029164888272,0.3495940944509002,2.860460219074004,-0.2860460219074004,18.106984748716368,3.530197966235068,18.106984748716368,3.530197966235066,18.108024155013027,3.528759751698938,18.108024155013027,3.5287597516989395
0.6102178087995103,0.34016988514906643,2.9397076098073414,-0.29397076098073416,19.016997924509106,3.7317349506050697,19.016997924509102,3.73173495060507,19.01802020245907,3.7302729727541344,19.01802020245907,3.730272972754129
0.5946327011101936,0.3304217491839623,3.0264351619398093,-0.30264351619398094,20.007447513726262,3.9518729318187944,20.00744751372626,3.9518729318187953,20.00845222442689,3.950387302215725,20.00845222442691,3.9503873022157316
0.5790475934208761,0.32034292496430083,3.1216547083455657,-0.3121654708345566,21.088447136237086,4.193003444979464,21.088447136237093,4.193003444979471,21.089433824381427,4.191494304631926,21.089433824381437,4.191494304631923
0.563462485731559,0.3099268660600174,3.2265676503383536,-0.3226567650338354,22.271916991381552,4.4579453345508,22.271916991381552,4.457945334550794,22.272885184880618,4.456412857885589,22.272885184880618,4.456412857885578
0.5478773780422419,0.29916729038514944,3.3426114155481206,-0.33426114155481207,23.572021036774203,4.750047450259377,23.572021036774203,4.75004745025938,23.57297024653029,4.7484918493813115,23.572970246530296,4.748491849381313
0.5322922703529249,0.28805823371058636,3.471520279488714,-0.3471520279488714,25.005739812149756,5.073323074112569,25.00573981214976,5.073323074112565,25.00666953201227,5.071744603332586,25.00666953201227,5.07174460333259
0.5167071626636082,0.2765941148341611,3.615405919245878,-0.3615405919245878,26.593629988178893,5.432628045652432,26.593629988178893,5.432628045652425,26.594539695105652,5.431027006280843,26.594539695105663,5.431027006280846
0.5011220549742912,0.2647697999735854,3.7768657909616747,-0.3776865790961675,28.36084719635289,5.83390044391648,28.360847196352886,5.833900443916492,28.361736350821644,5.832277189276177,28.361736350821655,5.832277189276176
0.48553694728497443,0.2525806611641812,3.9591312944975825,-0.39591312944975826,30.338545613187854,6.284488330060544,30.338545613187865,6.284488330060549,30.33941365991417,6.282843270640579,30.339413659914143,6.282843270640575
0.46995183959565745,0.24002266152400864,4.166273274575674,-0.41662732745756736,32.56582167513601,6.7936048221998675,32.565821675136,6.793604822199857,32.56666804410011,6.791938430955107,32.56666804410013,6.791938430955103
0.45436673190634075,0.227092428972675,4.403493346404452,-0.44034933464044523,35.09247173092293,7.3729734615317,35.09247173092294,7.372973461531701,35.09329583877095,7.3712862792096265,35.09329583877096,7.371286279209618
0.4387816242170237,0.21378732895094288,4.677545694157893,-0.46775456941578936,37.982987979801926,8.03776315222234,37.98298797980192,8.03776315222235,37.983789231669206,8.036055792602065,37.983789231669235,8.036055792602069
0.423196516527707,0.20010555834559796,4.99736243344586,-0.49973624334458605,41.32248756435975,8.80797533011927,41.322487564359726,8.807975330119264,41.323265356120494,8.80624848511611,41.323265356120494,8.806248485116113
0.40761140883838964,0.18604622820106442,5.375008188391098,-0.5375008188391098,45.225767758544755,9.710562280844371,45.22576775854477,9.71056228084437,45.226521479543095,9.708816725305788,45.22652147954311,9.70881672530579
0.3920263011490722,0.17160944443261883,5.827185113885982,-0.5827185113885982,49.85158902684933,10.782768321693638,49.851589026849325,10.78276832169365,49.85231806314484,10.78100491771552,49.85231806314487,10.781004917715531
0.37644119345975535,0.15679640841259612,6.37769710495273,-0.637769710495273,55.42606927260348,12.077602477201957,55.42606927260347,12.07760247720194,55.426773010708594,12.075822177889847,55.42677301070857,12.075822177889856
0.3608560857704383,0.1416094954631575,7.061673348452611,-0.7061673348452611,62.282788991766076,13.673220338193445,62.28278899176607,13.67322033819345,62.28346682292165,13.671424190592072,62.283466822921646,13.671424190592061
0.3452709780811216,0.12605234933626974,7.933211917631942,-0.7933211917631943,70.93538310631189,15.689906094701414,70.9353831063119,15.689906094701387,70.936034431253,15.688095241792706,70.93603443125299,15.688095241792723
0.3296858703918046,0.11012996758985594,9.080180643693478,-0.9080180643693478,82.2181180484414,18.322959521302437,82.21811804844141,18.322959521302472,82.2187422826345,18.32113520286418,82.21874228263451,18.321135202864202
0.3141007627024879,0.09384877464047037,10.655440135803014,-1.0655440135803014,97.58245830766556,21.912076536931295,97.58245830766556,21.912076536931263,97.58305488699119,21.910240089003306,97.58305488699118,21.910240089003313
0.2985156550131709,0.07721671646532258,12.950563631504483,-1.2950563631504484,119.79729858860576,27.105167903404563,119.79729858860576,27.10516790340455,119.79786697533282,27.10332075644146,119.79786697533277,27.103320756441462
0.28293054732385414,0.060243307342666697,16.599354253775513,-1.6599354253775513,154.88209824346148,35.310616250496,154.88209824346137,35.31061625049591,154.8826379325268,35.30875992575388,154.8826379325268,35.308759925753805
0.26734543963453716,0.042939713784662104,23.288464497338968,-2.3288464497338968,218.85681091980496,50.27642891225855,218.85681091980504,50.27642891225853,218.8573214450727,50.27456501702339,218.85732144507256,50.274565017023434
0.25176033194522013,0.025318794283357704,39.496351556413174,-3.9496351556413174,373.25694313163365,86.39902892827422,373.2569431316337,86.39902892827419,373.25742407171674,86.39715915118236,373.25742407171674,86.39715915118238
0.2361752242559032,0.007395141166099961,135.22392305154312,-13.522392305154312,1282.9958799408196,299.23585880878636,1282.9958799408196,299.2358588087861,1282.9963309172206,299.2339849454655,1282.9963309172215,299.23398494546507
0.2205901165665858,-0.010814894535471353,92.46507182480039,9.24650718248004,-879.2814887062491,-206.62762253452104,-879.2814887062492,-206.6276225345214,-879.281067962607,-206.62949885130968,-879.2810679626067,-206.62949885131
0.2050050088772688,-0.029293183878564832,34.13763434338546,3.413763434338546,-324.7810853897775,-76.89554195619388,-324.78108538977756,-76.8955419561939,-324.78069516267664,-76.89741871533363,-324.7806951626766,-76.89741871533361
0.18941990118795177,-0.04801983455315906,20.824728142138373,2.0824728142138373,-197.8545364614749,-47.19292921126058,-197.85453646147496,-47.19292921126057,-197.85417692426216,-47.19480455190133,-197.8541769242621,-47.19480455190133
2.965663464988765,0.24718001268020373,4.045634552554938,-0.40456345525549386,17.13317615187467,5.432430895290992,17.13317615187467,5.432430895290994,17.133497271557275,5.4342373029064355,17.133497271557268,5.434237302906439
