DP, DL, sigma_main, Re_min, lambda_p, pitch_small, thrust_main, thrust_small, torque_main, torque_small, moment_created, power_required, p_induced, p_profile, p_total, p_ideal, power_loading, figure_of_merit, STALL_MAIN_HIGH, STALL_MAIN_LOW, STALL_SMALL_HIGH, STALL_SMALL_LOW, main_RPM, small_RPM, disk_loading
DP0, 17.1887338539247, 0.07, 90000.0, 0.0675, 65.0, 60.05026007762073, 5.739869633559438, 6.171356451579318, 0.3613052310559526, 6.05035383816129, 359.4400555366368, 151.79071825169035, 24.972522061961936, 176.7632403136523, 159.12397355033886, 0.16706613287149338, 0.4426996131879903, 0.0, 0.0, 1.0, 0.0, 276.71875, 9500.0, 17.20313230555304
DP1, 17.1887338539247, 0.07, 90000.0, 0.0675, 65.0, 59.997235539993476, 5.851951443203012, 6.32853498259032, 0.3739427492831005, 6.168498439076996, 367.11743562856554, 156.09681607947547, 25.306499782690633, 181.4033158621661, 158.91325975177338, 0.16342791084620734, 0.43286764487142293, 0.0, 0.0, 1.0, 0.0, 277.0703125, 9375.0, 17.18794189446967
DP2, 17.1887338539247, 0.07, 90000.0, 0.0675, 69.0, 60.01120598754108, 5.73698744998328, 6.171192807419739, 0.3642551834724564, 6.0473157499161605, 362.3747793360117, 151.77430655826933, 24.974103011336037, 176.74840956960537, 158.96876777408758, 0.16560536055379213, 0.4386860698897699, 0.0, 0.0, 1.0, 0.0, 276.71875, 9500.0, 17.191944132881606
DP3, 17.1887338539247, 0.07, 90000.0, 0.0675, 69.0, 59.936681177615284, 6.015355716687894, 6.343428948439538, 0.38306456406876466, 6.340741666949426, 381.0870597709988, 156.67442956582323, 25.387180350793603, 182.06160991661685, 158.67273710367525, 0.15727818523576262, 0.41636873526753754, 0.0, 0.0, 1.0, 0.0, 277.421875, 9500.0, 17.17059434749279
DP4, 17.1887338539247, 0.07, 90000.0, 0.0825, 65.0, 59.96404923450368, 5.2242806112643265, 6.0903320878363765, 0.46910945768846524, 5.506875289150661, 319.3126789675637, 148.49276473811636, 24.57160524482589, 173.06436998294225, 158.7814283114778, 0.18779100607087051, 0.49726001743766357, 0.0, 0.0, 1.0, 0.0, 274.9609375, 6500.0, 17.178434718258686
DP5, 17.1887338539247, 0.07, 90000.0, 0.0825, 65.0, 59.504184869807226, 5.456472747053165, 6.11927697050376, 0.4837704240683654, 5.751627290441269, 329.2920822268522, 148.0711502118975, 24.245048077150546, 172.31619828904806, 156.9583922964509, 0.18070335754023467, 0.4766540125563083, 0.0, 0.0, 1.0, 0.0, 272.412109375, 6500.0, 17.046693282030827
DP5, 17.1887338539247, 0.07, 90000.0, 0.0825, 65.0, 60.041882452572864, 5.456957915893422, 6.172241414414633, 0.4860020189066795, 5.752138703302921, 330.8110806493173, 150.07543439565325, 24.508833566758792, 174.58426796241204, 159.0906755807101, 0.18149900642603148, 0.4809109636486368, 0.0, 0.0, 1.0, 0.0, 273.5546875, 6500.0, 17.200732292765114
DP6, 17.1887338539247, 0.07, 90000.0, 0.0825, 69.0, 59.9740710306985, 5.216238305214742, 6.089699075237386, 0.47206463542916205, 5.498397954231715, 321.32420464828, 148.47295983163858, 24.571644658973707, 173.04460449061227, 158.82123570324015, 0.18664660228863195, 0.49427099921428314, 0.0, 0.0, 1.0, 0.0, 274.9609375, 6500.0, 17.1813057513842
DP7, 17.1887338539247, 0.07, 90000.0, 0.0825, 69.0, 59.90116737614824, 5.4470995830781925, 6.156355090347875, 0.48822499466927294, 5.741747108093553, 332.3242122530402, 149.47847806847145, 24.43333562480734, 173.9118136932788, 158.5317323675632, 0.18024918187585426, 0.47703936855149476, 0.0, 0.0, 1.0, 0.0, 273.203125, 6500.0, 17.16042039280015
DP8, 17.1887338539247, 0.07, 110000.0, 0.0675, 65.0, 60.065891116070134, 3.6368844063272867, 6.081482205625493, 0.3242020357164694, 3.8336127702478384, 237.65250452675835, 148.28942997600865, 24.660441281717144, 172.9498712577258, 159.18610737284138, 0.2527467204087767, 0.6698271818756192, 0.0, 0.0, 1.0, 0.0, 275.3125, 7000.0, 17.20761026821583
DP9, 17.1887338539247, 0.07, 110000.0, 0.0675, 65.0, 59.96109680877894, 3.841024415647702, 6.1429311457847335, 0.3377177740855327, 4.048795233921343, 247.56005821265006, 149.08783451595778, 24.52884511342316, 173.61667962938094, 158.76970167003802, 0.24220828368554242, 0.6413381173697149, 0.0, 0.0, 1.0, 0.0, 273.5546875, 7000.0, 17.17758891059192
DP10, 17.1887338539247, 0.07, 110000.0, 0.0675, 69.0, 60.05358005179531, 3.614555205765914, 6.081620108305357, 0.3296510246446818, 3.810075726212956, 241.6468220302449, 148.29196256465468, 24.660774369957043, 172.95273693461172, 159.1371698658202, 0.24851797986517243, 0.6585527114687333, 0.0, 0.0, 1.0, 0.0, 275.3125, 7000.0, 17.204083408094522
DP11, 17.1887338539247, 0.07, 110000.0, 0.0675, 69.0, 59.95857112209548, 3.815323035369055, 6.142589972734407, 0.34305423783178235, 4.021703600357791, 251.47189044963702, 149.0758174034313, 24.529118771590273, 173.60493617502158, 158.7596702083122, 0.2384305101253595, 0.6313217351030629, 0.0, 0.0, 1.0, 0.0, 273.5546875, 7000.0, 17.176865354655245
DP12, 17.1887338539247, 0.07, 110000.0, 0.0825, 65.0, 59.91544427838102, 5.595927969329209, 6.071415847845812, 0.5392254304133944, 5.89862600177372, 345.8637745416337, 147.8034063500077, 24.49506393504204, 172.29847028504975, 158.58841265442683, 0.1732342288746075, 0.45852854310805136, 0.0, 0.0, 1.0, 0.0, 274.609375, 6125.0, 17.164510424012448
DP13, 17.1887338539247, 0.07, 110000.0, 0.0825, 65.0, 60.06069194488405, 5.807313967335775, 6.148817974167227, 0.5575916581568101, 6.12144640816324, 355.8193146968401, 149.2523392589549, 24.43225767200901, 173.6845969309639, 159.16543962203994, 0.16879547979585108, 0.44732096614162087, 0.0, 0.0, 1.0, 0.0, 273.203125, 6093.75, 17.206120815386186
DP14, 17.1887338539247, 0.07, 110000.0, 0.0825, 69.0, 59.54985727415075, 5.577072058108108, 6.033119753753857, 0.543537515430588, 5.8787501261681845, 348.6295825248507, 146.36088884609353, 24.30575927818256, 170.6666481242761, 157.13913695939706, 0.17081125715975629, 0.45073380124934176, 0.0, 0.0, 1.0, 0.0, 273.818359375, 6125.0, 17.059777462076323
DP15, 17.1887338539247, 0.07, 110000.0, 0.0825, 69.0, 60.07762633217547, 5.787117067634294, 6.147840758591974, 0.5638091315334431, 6.100157006586355, 359.7869083357629, 149.22305664873613, 24.43217509219347, 173.6552317409296, 159.23276050433444, 0.1669811350559465, 0.4425751933022924, 0.0, 0.0, 1.0, 0.0, 273.203125, 6093.75, 17.21097215998838
DP16, 17.1887338539247, 0.09, 90000.0, 0.0675, 65.0, 60.08172327726695, 5.711780222723256, 6.5255309385710225, 0.3450706586133833, 6.020744999369773, 343.2892912553774, 154.933692245501, 23.6918401602071, 178.6255324057081, 159.24904890581215, 0.1750177614266778, 0.46389168832926014, 0.0, 0.0, 1.0, 0.0, 264.0625, 9500.0, 17.21214584830157
DP17, 17.1887338539247, 0.09, 90000.0, 0.0675, 65.0, 60.09212461396258, 5.998687986441816, 6.80148054904764, 0.36758137544356395, 6.32317233661513, 365.683800418619, 163.823898341521, 24.717619298972856, 188.54151764049385, 159.29040444388795, 0.16432810134102663, 0.43559601016380595, 0.0, 0.0, 1.0, 0.0, 267.9296875, 9500.0, 17.21512561177134
DP18, 17.1887338539247, 0.09, 90000.0, 0.0675, 69.0, 60.00996666185903, 5.710857757962404, 6.523486428223755, 0.3477480893809775, 6.0197726361345945, 345.95290025153537, 154.84790777311395, 23.69512233559093, 178.54303010870487, 158.96384336731708, 0.17346282288203682, 0.4594956228195737, 0.0, 0.0, 1.0, 0.0, 264.0625, 9500.0, 17.191589092226486
DP19, 17.1887338539247, 0.09, 90000.0, 0.0675, 69.0, 60.03793526822067, 5.9951019406688975, 6.797796118182867, 0.3702998863313884, 6.319392312469783, 368.38827746601953, 163.68375723180156, 24.721713637855093, 188.40547086965665, 159.07498778382077, 0.16297460842455452, 0.43181338146269865, 0.0, 0.0, 1.0, 0.0, 267.9296875, 9500.0, 17.19960150774341
DP20, 17.1887338539247, 0.09, 90000.0, 0.0825, 65.0, 59.7774581024845, 5.183742013394431, 6.382413418004691, 0.4423375008205025, 5.464143855011154, 301.0895859801903, 149.27280034573914, 22.982072850164702, 172.25487319590385, 158.04088092529287, 0.19853711614727673, 0.5248965367260856, 0.0, 0.0, 1.0, 0.0, 260.810546875, 6500.0, 17.124980296462347
DP21, 17.1887338539247, 0.09, 90000.0, 0.0825, 65.0, 59.94829121362689, 5.410823080399928, 6.483212694364579, 0.4587286464745835, 5.7035083167573815, 312.2466849138638, 151.34400244202007, 22.899666803668726, 174.2436692456888, 158.71884289473888, 0.19199016069670743, 0.5083123394521322, 0.0, 0.0, 1.0, 0.0, 259.4921875, 6500.0, 17.173920377810088
DP22, 17.1887338539247, 0.09, 90000.0, 0.0825, 69.0, 59.78475902980698, 5.177655244947301, 6.382018130101574, 0.4450075874845776, 5.457727837716829, 302.9070563206573, 149.26027041049596, 22.982216308654014, 172.24248671914998, 158.06983532347513, 0.19736997795957203, 0.5218426973723004, 0.0, 0.0, 1.0, 0.0, 260.810546875, 6500.0, 17.127071858072895
DP23, 17.1887338539247, 0.09, 90000.0, 0.0825, 69.0, 59.959440599871236, 5.403158963256531, 6.482767070980696, 0.4613173801752104, 5.695429627948222, 314.00878004866223, 151.33029122224576, 22.899767500214196, 174.23005872245994, 158.7631235554179, 0.19094829319925152, 0.5056009055887362, 0.0, 0.0, 1.0, 0.0, 259.4921875, 6500.0, 17.177114441689902
DP24, 17.1887338539247, 0.09, 110000.0, 0.0675, 65.0, 60.01493153406536, 3.6193595535743253, 6.377375065313439, 0.30410155414452283, 3.815139953461695, 222.91808197074235, 149.22535995280825, 23.11205583950273, 172.337415792311, 158.98357137756923, 0.26922415177581793, 0.7131928014634343, 0.0, 0.0, 1.0, 0.0, 261.25, 7000.0, 17.193011423342707
DP25, 17.1887338539247, 0.09, 110000.0, 0.0675, 65.0, 59.32796752024785, 3.8182757928510607, 6.38814930634485, 0.3154467054693652, 4.024816080031538, 231.2345122504764, 147.99518102103994, 22.681608820868668, 170.6767898419086, 156.26167732309142, 0.2565705566303311, 0.6757714313589428, 0.0, 0.0, 1.0, 0.0, 258.349609375, 7000.0, 16.99621072999716
DP26, 17.1887338539247, 0.09, 110000.0, 0.0675, 69.0, 59.98874023349413, 3.6013636011528565, 6.377388751406654, 0.30905621007488887, 3.796170554023074, 226.55003446085448, 149.22185655848367, 23.11276983163436, 172.33462639011802, 158.8795089702692, 0.2647924568903986, 0.7012998667087907, 0.0, 0.0, 1.0, 0.0, 261.25, 7000.0, 17.18550816842926
DP27, 17.1887338539247, 0.09, 110000.0, 0.0675, 69.0, 60.039442430602044, 3.7982053901995436, 6.4638805367513505, 0.3223990491196095, 4.003660018053046, 236.33084632240747, 150.74553800540957, 23.004926874259915, 173.7504648796695, 159.08097783013852, 0.25404826904692324, 0.6731282873379844, 0.0, 0.0, 1.0, 0.0, 259.84375, 7000.0, 17.200033277960877
DP28, 17.1887338539247, 0.09, 110000.0, 0.0825, 65.0, 59.97382167468605, 6.045615031584678, 6.386949806400512, 0.5274472170355664, 6.372637785452792, 352.11766421664004, 149.46201811239558, 22.92703177499544, 172.38904988739102, 158.82024520047332, 0.17032324069316562, 0.451043106723437, 0.0, 0.0, 1.0, 0.0, 260.546875, 6375.0, 17.181234316148654
DP29, 17.1887338539247, 0.09, 110000.0, 0.0825, 65.0, 60.02277127847869, 6.119791387922993, 6.458499303414794, 0.5385770140054938, 6.450826530306572, 353.81969824111644, 150.49856677278686, 22.736724510654675, 173.23529128344154, 159.01472440657568, 0.16964225445010458, 0.4494230400315711, 0.0, 0.0, 1.0, 0.0, 258.7890625, 6273.4375, 17.195257344679433
DP30, 17.1887338539247, 0.09, 110000.0, 0.0825, 69.0, 59.97813907334459, 6.034927171483585, 6.38663346887103, 0.5333752392983531, 6.361371791708562, 356.07514334474763, 149.4529779340792, 22.927023918715175, 172.38000185279438, 158.83739524947788, 0.16844236446820576, 0.44607830178051333, 0.0, 0.0, 1.0, 0.0, 260.546875, 6375.0, 17.182471159756705
DP31, 17.1887338539247, 0.09, 110000.0, 0.0825, 69.0, 60.033429896520516, 6.1224131221847315, 6.458460688897772, 0.5450241018633609, 6.453590080868837, 358.5010277117057, 150.5014366245031, 22.736142719663796, 173.2375793441669, 159.05708214218072, 0.16745678605082648, 0.4436725974188531, 0.0, 0.0, 1.0, 0.0, 258.7890625, 6281.25, 17.198310813825625
DP32, 19.098593171027442, 0.07, 90000.0, 0.0675, 65.0, 59.987526899420736, 5.730624530594588, 5.791516758455125, 0.3481092541053147, 5.730624530594588, 378.20937688990347, 157.90034477791605, 26.0113409031558, 183.91168568107184, 167.4686263250273, 0.15860930628613967, 0.4427934275510501, 0.0, 0.0, 1.0, 0.0, 306.953125, 10375.0, 19.094622859801696
DP33, 19.098593171027442, 0.07, 90000.0, 0.0675, 65.0, 60.01588000877618, 5.977629106190449, 6.002043321946148, 0.36635116999888756, 5.977629106190449, 396.82974350446244, 164.93907305412267, 26.658238229785677, 191.59731128390834, 167.58737144279564, 0.1512383610128793, 0.42231555014703953, 0.0, 0.0, 1.0, 0.0, 308.7109375, 10343.75, 19.103647934813583
DP34, 19.098593171027442, 0.07, 90000.0, 0.0675, 69.0, 59.56445249871905, 5.7254627885454035, 5.759792320353511, 0.3502672075457875, 5.7254627885454035, 380.55392308180603, 156.53859853211648, 25.835905829831685, 182.37450436194817, 165.70009323722073, 0.15652040062116174, 0.43541817121564896, 0.0, 0.0, 1.0, 0.0, 306.162109375, 10375.0, 18.95995409546707
DP35, 19.098593171027442, 0.07, 90000.0, 0.0675, 69.0, 60.06477692675519, 6.010389788846807, 6.014145921533456, 0.3711593322846112, 6.010389788846807, 403.2525367675719, 165.44818965905884, 26.734041519234008, 192.18223117829285, 167.79222159607812, 0.14895077265533865, 0.4160971259873085, 0.0, 0.0, 1.0, 0.0, 309.0625, 10375.0, 19.11921230721022
DP36, 19.098593171027442, 0.07, 90000.0, 0.0825, 65.0, 60.046066350854915, 5.02620749850488, 5.770704150865842, 0.44565204832846667, 5.02620749850488, 326.6800135868482, 156.69644606149254, 25.834950919656137, 182.53139698114867, 167.7138251193243, 0.183806978858508, 0.5133886927390414, 0.0, 0.0, 1.0, 0.0, 306.25, 7000.0, 19.113256545924973
DP37, 19.098593171027442, 0.07, 90000.0, 0.0825, 65.0, 59.94501867144505, 5.254509894813781, 5.831803348233896, 0.46084554646897813, 5.254509894813781, 337.81742941965, 157.61994322050998, 25.676028153377747, 183.29597137388774, 167.29065099483591, 0.17744797470760162, 0.4952102420595384, 0.0, 0.0, 1.0, 0.0, 304.140625, 7000.0, 19.08109207059288
DP38, 19.098593171027442, 0.07, 90000.0, 0.0825, 69.0, 60.05357362395681, 5.016307174018131, 5.770114269434977, 0.4486707752695287, 5.016307174018131, 328.89285600913695, 156.67555330599555, 25.835062566572688, 182.51061587256822, 167.74527879109218, 0.182593122735048, 0.5100301685678209, 0.0, 0.0, 1.0, 0.0, 306.25, 7000.0, 19.115646185171585
DP39, 19.098593171027442, 0.07, 90000.0, 0.0825, 69.0, 62.02905998480325, 19.876424688642228, 0.1470631931288866, 0.9764439581174528, 19.876424688642228, 1329.2886383682135, 48.31985284568821, 25.871225637068186, 74.1910784827564, 176.09005173973398, 0.0466633492489245, 0.1324693875033008, 0.07142857142857142, 0.14285714285714285, 1.0, 0.0, 301.416015625, 13000.0, 19.744463023850248
DP40, 19.098593171027442, 0.07, 110000.0, 0.0675, 65.0, 58.164524332250366, 5.370052498846009, 5.526209876351494, 0.3687642851704595, 5.370052498846009, 352.37926396446835, 146.87236572333802, 24.689109650720866, 171.5614753740589, 159.89294168288566, 0.16506227885791627, 0.4537524140438872, 0.0, 0.0, 1.0, 0.0, 300.537109375, 9125.0, 18.51434312013294
DP41, 19.098593171027442, 0.07, 110000.0, 0.0675, 65.0, 60.0013464268538, 5.669519431997831, 5.766284824382856, 0.3925473154238373, 5.669519431997831, 375.10556103972885, 155.25837598895373, 25.539974600390867, 180.7983505893446, 167.52650012014587, 0.1599585627590811, 0.44661161422344925, 0.0, 0.0, 1.0, 0.0, 303.4375, 9125.0, 19.099021752006028
DP42, 19.098593171027442, 0.07, 110000.0, 0.0675, 69.0, 60.02149366974238, 5.690726381077094, 5.697327364790633, 0.3931328683136687, 5.690726381077094, 385.95729093105615, 154.03392069781665, 25.636876242278674, 179.67079694009533, 167.61088523658435, 0.15551330439943434, 0.4342731415495525, 0.0, 0.0, 1.0, 0.0, 305.1953125, 9375.0, 19.10543481859681
DP43, 19.098593171027442, 0.07, 110000.0, 0.0675, 69.0, 59.95733418409661, 5.652192428958756, 5.76793371086279, 0.3992388538691838, 5.652192428958756, 381.4997794794869, 155.30551135236522, 25.541675368350752, 180.84718672071597, 167.34220763765217, 0.15716217258605386, 0.43864299965250725, 0.0, 0.0, 1.0, 0.0, 303.4375, 9125.0, 19.085012220023295
DP44, 19.098593171027442, 0.07, 110000.0, 0.0825, 65.0, 45.637936096090826, 4.4047308555966165, 4.420144798001657, 0.4046275431809779, 4.4047308555966165, 255.55912395823074, 103.47645226351824, 18.492913687633916, 121.96936595115216, 111.12992348505686, 0.17858073462307694, 0.4348501503832836, 0.0, 0.0, 1.0, 0.0, 267.138671875, 6031.25, 14.527006244409783
DP45, 19.098593171027442, 0.07, 110000.0, 0.0825, 65.0, 48.1008179027483, 4.689685767453266, 4.699436752292322, 0.43516891079837644, 4.689685767453266, 276.2728645079824, 112.66992391250048, 19.61496993077775, 132.28489384327824, 120.24602070288378, 0.174106197466811, 0.43524368894147947, 0.0, 0.0, 1.0, 0.0, 272.412109375, 6062.5, 15.310965871971051
DP46, 19.098593171027442, 0.07, 110000.0, 0.0825, 69.0, 59.97117898958915, 5.221583774553224, 5.759656634860154, 0.5138414129106217, 5.221583774553224, 349.7607550473462, 156.23513552717725, 25.759508456611954, 181.99464398378922, 167.4001727078129, 0.17146343071414918, 0.47861336725771986, 0.0, 0.0, 1.0, 0.0, 305.8984375, 6500.0, 19.08941915848386
DP47, 19.098593171027442, 0.07, 110000.0, 0.0825, 69.0, 60.08645373375326, 5.490251342218241, 5.829004570874289, 0.5338866887027791, 5.490251342218241, 363.40514146704646, 157.5490688492788, 25.671891273076497, 183.22096012235528, 167.883061717212, 0.1653428828529711, 0.46197216979230776, 0.0, 0.0, 1.0, 0.0, 304.140625, 6500.0, 19.126112249178604
DP48, 19.098593171027442, 0.09, 90000.0, 0.0675, 65.0, 56.863297066460945, 5.687198245253125, 5.740929656789692, 0.32197789596808407, 5.687198245253125, 349.8185066047403, 145.50902716417178, 22.862413571310466, 168.37144073548225, 154.5574976449792, 0.16255085420826731, 0.44182195832084326, 0.0, 0.0, 1.0, 0.0, 283.310546875, 10375.0, 18.10014961726026
DP49, 19.098593171027442, 0.09, 90000.0, 0.0675, 65.0, 59.95475765300032, 6.1497438907617425, 6.454052696437642, 0.36070818560152584, 6.1497438907617425, 396.6193650915624, 172.97306062578016, 26.120701066462036, 199.0937616922422, 167.3314210230834, 0.15116447387575074, 0.42189422844861285, 0.0, 0.0, 1.0, 0.0, 298.515625, 10500.0, 19.084192084703286
DP50, 19.098593171027442, 0.09, 90000.0, 0.0675, 69.0, 59.94015551161504, 5.8436995961866725, 6.092790995603591, 0.3379725476951079, 5.8436995961866725, 371.6202255340347, 159.60289425433476, 24.452431508388166, 184.05532576272293, 167.27029372350924, 0.1612941153175352, 0.4501108449711918, 0.0, 0.0, 1.0, 0.0, 291.484375, 10500.0, 19.0795440787409
DP51, 19.098593171027442, 0.09, 90000.0, 0.0675, 69.0, 60.01987442535056, 6.146125172928432, 6.463591804147265, 0.3640579486395858, 6.146125172928432, 400.3026219246363, 173.3730318392618, 26.197021070187134, 199.57005290944895, 167.60410263741366, 0.1499362510711966, 0.4186934920175665, 0.0, 0.0, 1.0, 0.0, 298.8671875, 10500.0, 19.104919397098744
DP52, 19.098593171027442, 0.09, 90000.0, 0.0825, 65.0, 59.91439909620526, 4.989549556144413, 6.05984296000028, 0.418627830422673, 4.989549556144413, 306.8702272170753, 157.71912374873676, 24.154903362460917, 181.87402711119768, 167.16249069193702, 0.1952434409800946, 0.5447334927467201, 0.0, 0.0, 1.0, 0.0, 290.078125, 7000.0, 19.07134555708331
DP53, 19.098593171027442, 0.09, 90000.0, 0.0825, 65.0, 59.95696609329335, 5.2158192830454695, 6.1438367591041345, 0.43394820175302873, 5.2158192830454695, 318.10064595547937, 159.3836140978667, 24.003364084409142, 183.38697818227587, 167.3406666160092, 0.18848426388195638, 0.5260620144714507, 0.0, 0.0, 1.0, 0.0, 288.3203125, 7000.0, 19.084895053081603
DP54, 19.098593171027442, 0.09, 90000.0, 0.0825, 69.0, 59.91798629318142, 4.981993342377345, 6.059475904077188, 0.42135004657837877, 4.981993342377345, 308.8657158815341, 157.7057762374921, 24.15512498688749, 181.8609012243796, 167.1775034542842, 0.19399364582167825, 0.5412627393012612, 0.0, 0.0, 1.0, 0.0, 290.078125, 7000.0, 19.07248739734451
DP55, 19.098593171027442, 0.09, 90000.0, 0.0825, 69.0, 58.60940106118159, 5.202844643600978, 6.008395332195398, 0.431432161928651, 5.202844643600978, 316.25629243551765, 153.93275641518576, 23.35612326888706, 177.2888796840728, 161.73087880064918, 0.18532248199656493, 0.5113918131245561, 0.0, 0.0, 1.0, 0.0, 285.068359375, 7000.0, 18.655951781084855
DP56, 19.098593171027442, 0.09, 110000.0, 0.0675, 65.0, 60.09521917675277, 5.818000130992921, 5.936798306436295, 0.3683119847146142, 5.818000130992921, 366.41063804616834, 153.44895362021333, 23.89764515849202, 177.34659877870536, 167.9197993589842, 0.1640105743031966, 0.458283089853483, 0.0, 0.0, 1.0, 0.0, 288.671875, 9500.0, 19.12890237634213
DP57, 19.098593171027442, 0.09, 110000.0, 0.0675, 65.0, 60.03120697269822, 5.957563006297845, 6.018179102837694, 0.38114092987402964, 5.957563006297845, 374.18423289846686, 154.9326041774892, 23.851232377403456, 178.78383655489264, 167.65157369015893, 0.16043221946496983, 0.44804553198704766, 0.0, 0.0, 1.0, 0.0, 287.265625, 9375.0, 19.108526658955153
DP58, 19.098593171027442, 0.09, 110000.0, 0.0675, 69.0, 59.970852795072965, 5.812801338291742, 5.939267109281427, 0.3746193084410466, 5.812801338291742, 372.6854013090487, 153.51068371813577, 23.90105201247524, 177.411735730611, 167.39880692815808, 0.16091548685413154, 0.449169209043804, 0.0, 0.0, 1.0, 0.0, 288.671875, 9500.0, 19.08931532754454
DP59, 19.098593171027442, 0.09, 110000.0, 0.0675, 69.0, 59.923710908748085, 5.948065372690411, 6.019859673486501, 0.38726278398699304, 5.948065372690411, 380.1943491196049, 154.96804416038108, 23.85461874742559, 178.82266290780666, 167.20146244864398, 0.15761336549980323, 0.43977892579367156, 0.0, 0.0, 1.0, 0.0, 287.265625, 9375.0, 19.074309599073977
DP60, 19.098593171027442, 0.09, 110000.0, 0.0825, 65.0, 59.947524127954956, 5.180886882794497, 6.057019007514269, 0.475309715762743, 5.180886882794497, 323.53306076447626, 157.60725942641028, 24.15783640655558, 181.76509583296587, 167.3011392015148, 0.1852902574664393, 0.5171067797714364, 0.0, 0.0, 1.0, 0.0, 290.078125, 6500.0, 19.08188958216939
DP61, 19.098593171027442, 0.09, 110000.0, 0.0825, 65.0, 59.35836305508411, 5.4369829988763705, 6.060143871450831, 0.4901770334652199, 5.4369829988763705, 333.65292291356235, 156.0462211976281, 23.62775461389768, 179.6739758115258, 164.8408689063624, 0.1779045198727714, 0.49404892805050243, 0.0, 0.0, 1.0, 0.0, 286.474609375, 6500.0, 18.89435378811995
DP62, 19.098593171027442, 0.09, 110000.0, 0.0825, 69.0, 59.95223261374562, 5.16408074492035, 6.056627620111117, 0.48117497514543467, 5.16408074492035, 327.52541618522474, 157.5945984218788, 24.15786139433583, 181.75245981621464, 167.32085020332363, 0.1830460466611268, 0.5108637129666268, 0.0, 0.0, 1.0, 0.0, 290.078125, 6500.0, 19.08338833974551
DP63, 19.098593171027442, 0.09, 110000.0, 0.0825, 69.0, 60.00573391370639, 5.420703116917734, 6.123492644505754, 0.49899882861023737, 5.420703116917734, 339.65772839102783, 158.60441059749178, 23.935324328030937, 182.5397349255227, 167.54487555162603, 0.17666529832239042, 0.4932756170315711, 0.0, 0.0, 1.0, 0.0, 287.96875, 6500.0, 19.10041833244671
DP64, 21.00845248813019, 0.07, 90000.0, 0.0675, 65.0, 59.99928035114196, 5.476837798502467, 5.452211181837201, 0.32914836224045413, 5.2219599482382915, 379.15169481057734, 163.01039331065653, 27.00054562069423, 190.01093893135075, 175.69420050400583, 0.1582461088064432, 0.4633876174331278, 0.0, 0.0, 1.0, 0.0, 337.1875, 11000.0, 21.008200509649484
DP65, 21.00845248813019, 0.07, 90000.0, 0.0675, 65.0, 58.96000328199304, 5.75201853757381, 5.573184380616466, 0.3452153635535964, 5.4843344882237695, 397.65955168379907, 166.54308872895976, 27.138332999016665, 193.6814217279764, 171.14909719326448, 0.1482675394878365, 0.4303910127861194, 0.0, 0.0, 1.0, 0.0, 336.396484375, 11000.0, 20.644307127495843
DP66, 21.00845248813019, 0.07, 90000.0, 0.0675, 69.0, 59.91932336998084, 5.4710637546901415, 5.4535944967889325, 0.3324426945956931, 5.216454613474574, 382.94649326333615, 163.0461646731342, 27.003253269714122, 190.04941794284832, 175.34311387696087, 0.15646917891679674, 0.45787888637586976, 0.0, 0.0, 1.0, 0.0, 337.1875, 11000.0, 20.980204302319187
DP67, 21.00845248813019, 0.07, 90000.0, 0.0675, 69.0, 56.429033347827, 5.185538825849509, 5.3255159142913495, 0.3233270662908929, 4.944217275528021, 355.5166776583098, 155.12755549130398, 25.65444835920905, 180.78200385051304, 160.24787533675314, 0.15872401182276305, 0.45074643584166474, 0.0, 0.0, 1.0, 0.0, 328.662109375, 10500.0, 19.758111100648957
DP68, 21.00845248813019, 0.07, 90000.0, 0.0825, 65.0, 60.043395820033325, 4.210698865566108, 5.495708153431511, 0.4004639020928233, 4.01474384289614, 293.5553723300798, 164.54694653479703, 27.102034859770995, 191.648981394568, 175.88800924343215, 0.20453856914094992, 0.5991646749549518, 0.0, 0.0, 1.0, 0.0, 337.890625, 7000.0, 21.02364713851941
DP69, 21.00845248813019, 0.07, 90000.0, 0.0825, 65.0, 55.5140399015963, 4.409572539467386, 5.157544571559863, 0.3972978806544173, 4.204362450946835, 291.23455740194464, 147.46708153419664, 24.54733980013254, 172.01442133432917, 156.36610343081918, 0.19061625240090968, 0.536907792899769, 0.0, 0.0, 1.0, 0.0, 323.037109375, 7000.0, 19.437734494947488
DP70, 21.00845248813019, 0.07, 90000.0, 0.0825, 69.0, 59.862938245421105, 4.197551574444413, 5.478597507681252, 0.4026478213672355, 4.002208392661682, 295.15626877140323, 163.75479816165748, 26.99946634381731, 190.7542645054748, 175.09567073600502, 0.20281777681565893, 0.593230397798583, 0.0, 0.0, 1.0, 0.0, 337.451171875, 7000.0, 20.960461565480013
DP71, 21.00845248813019, 0.07, 90000.0, 0.0825, 69.0, 59.91804778389763, 4.399230030349945, 5.550276000524868, 0.416774174816273, 4.194501255424424, 305.511426688826, 165.30716412343816, 26.921380450356825, 192.22854457379498, 175.33751474717528, 0.19612375364580467, 0.5739147522156761, 0.0, 0.0, 1.0, 0.0, 335.4296875, 7000.0, 20.979757667492127
DP72, 21.00845248813019, 0.07, 110000.0, 0.0675, 65.0, 59.94914831607901, 5.639562591654783, 5.385720122412462, 0.3735091332126972, 5.377111950851751, 394.49919054548064, 160.01723558445067, 26.713173930355293, 186.73040951480596, 175.47404617056145, 0.15196266495043073, 0.4448020436440707, 0.0, 0.0, 1.0, 0.0, 335.78125, 10085.9375, 20.990647235036928
DP73, 21.00845248813019, 0.07, 110000.0, 0.0675, 65.0, 60.060275690673336, 5.223996313111035, 5.478141443621219, 0.3687089779787224, 4.980885050908276, 366.8055819014833, 162.41805730245386, 26.713374665330225, 189.1314319677841, 175.9621849822702, 0.1637387178769933, 0.47971512339070715, 0.0, 0.0, 1.0, 0.0, 334.375, 9500.0, 21.029557471191854
DP74, 21.00845248813019, 0.07, 110000.0, 0.0675, 69.0, 60.006375332443184, 5.634909485993547, 5.399990430919709, 0.38171833524617166, 5.372675388679957, 403.4820169097563, 160.6385025044141, 26.783271089706673, 187.4217735941208, 175.7253654757525, 0.14872131301421632, 0.435522174746776, 0.0, 0.0, 1.0, 0.0, 336.1328125, 10093.75, 21.010684752609
DP75, 21.00845248813019, 0.07, 110000.0, 0.0675, 69.0, 60.01529398273047, 5.200425250751861, 5.4801449058994995, 0.3757156859127587, 4.958410924760027, 373.776118922435, 162.4833848242912, 26.715230487934548, 189.19861531222574, 175.7645435957019, 0.1605648165959599, 0.4702401643593931, 0.0, 0.0, 1.0, 0.0, 334.375, 9500.0, 21.013807536622643
DP76, 21.00845248813019, 0.07, 110000.0, 0.0825, 65.0, 59.997326897501004, 5.158057021573631, 5.483421906950574, 0.4904703619248727, 4.918014403266002, 359.5335533597031, 163.9880443527537, 26.948575381572223, 190.93661973432592, 175.6856202090401, 0.1668754594302785, 0.48864874659771085, 0.0, 0.0, 1.0, 0.0, 337.1875, 7000.0, 21.007516525682753
DP77, 21.00845248813019, 0.07, 110000.0, 0.0825, 65.0, 60.095095166884725, 5.436797642881269, 5.546900718148924, 0.5099528514777995, 5.183783157785908, 373.8149641054353, 165.21196750921422, 26.83228284255649, 192.0442503517707, 176.11522621372654, 0.16076160918463064, 0.4711294172912053, 0.0, 0.0, 1.0, 0.0, 335.078125, 7000.0, 21.041749193052663
DP78, 21.00845248813019, 0.07, 110000.0, 0.0825, 69.0, 60.00451646147872, 5.1345851239640234, 5.482946734827663, 0.49725326160042965, 4.895634826996638, 364.5056785108838, 163.97109159656654, 26.948481953304572, 190.9195735498711, 175.71720013711868, 0.1646188797568679, 0.4820698565108141, 0.0, 0.0, 1.0, 0.0, 337.1875, 7000.0, 21.010033885903358
DP79, 21.00845248813019, 0.07, 110000.0, 0.0825, 69.0, 435.96520013611405, 27.914522200906816, -512.1813501376909, 1.0637200680411703, 26.615452615230183, 1448.1025655353656, 72736.79268052668, -19.027980729246792, 72717.76469979742, 3441.249016440288, 0.30105961449970714, 2.3763848627448936, 0.6428571428571429, 0.21428571428571427, 1.0, 0.0, 306.25, 13000.0, 152.649236558962
DP80, 21.00845248813019, 0.09, 90000.0, 0.0675, 65.0, 58.19918385555035, 5.435094170215507, 5.472488834018454, 0.3056927911517562, 5.182158960327301, 352.13281654396457, 153.01551354541382, 24.125631960873896, 177.14114550628773, 167.84704730628152, 0.16527622851727042, 0.47665834997609613, 0.0, 0.0, 1.0, 0.0, 313.193359375, 11000.0, 20.377913147954718
DP81, 21.00845248813019, 0.09, 90000.0, 0.0675, 65.0, 60.06223888236235, 5.727064268891003, 6.049424167673242, 0.33308133578773236, 5.46054152659273, 383.6821551049729, 176.46594758545024, 26.531235243029247, 202.99718282847948, 175.9708125730878, 0.15654165324923627, 0.4586369478792762, 0.0, 0.0, 1.0, 0.0, 324.53125, 11000.0, 21.03024486484725
DP82, 21.00845248813019, 0.09, 90000.0, 0.0675, 69.0, 59.731347830387534, 5.437223173352842, 5.672710771239114, 0.3132587743976852, 5.184188885171136, 360.84820358425236, 161.69853465020333, 25.021602868926525, 186.72013751912985, 174.51864647249118, 0.1655304009749385, 0.48363451650589645, 0.0, 0.0, 1.0, 0.0, 318.115234375, 11000.0, 20.914386382444576
DP83, 21.00845248813019, 0.09, 90000.0, 0.0675, 69.0, 59.922979569427014, 5.72099485486777, 6.044496954920101, 0.3361091885804061, 5.454754567382935, 387.1699911378331, 176.23801021379566, 26.537563601934384, 202.77557381573004, 175.35916293607826, 0.15477175644042707, 0.45292550287981936, 0.0, 0.0, 1.0, 0.0, 324.53125, 11000.0, 20.98148448719172
DP84, 21.00845248813019, 0.09, 90000.0, 0.0825, 65.0, 60.0787048184679, 4.180319778917998, 5.792525946615302, 0.3756442130222551, 3.9857785202817166, 275.36158999876085, 166.305428354823, 25.442591467728633, 191.7480198225516, 176.04318057306548, 0.2181811370959118, 0.6393164005693666, 0.0, 0.0, 1.0, 0.0, 320.3125, 7000.0, 21.03601026211968
DP85, 21.00845248813019, 0.09, 90000.0, 0.0825, 65.0, 75.90417160240786, 22.02119932424736, -41.95052475435588, 0.9062203154058165, 20.996389725990174, 1233.6892036793272, -413.32744647948243, 20.419463865274142, -392.90798261420827, 249.99817098396292, 0.061526169942991274, 0.20264274846401667, 0.14285714285714285, 0.21428571428571427, 1.0, 0.0, 317.5, 13000.0, 26.5771530460011
DP86, 21.00845248813019, 0.09, 90000.0, 0.0825, 69.0, 60.08311019854227, 4.169246319083747, 5.7921233133229455, 0.37829580559940273, 3.9752203905962444, 277.30530887625366, 166.28956512742485, 25.44282509129593, 191.73239021872078, 176.06254395662242, 0.21666772425678338, 0.634905060671556, 0.0, 0.0, 1.0, 0.0, 320.3125, 7000.0, 21.03755276575276
DP87, 21.00845248813019, 0.09, 90000.0, 0.0825, 69.0, 55.549426148253, 4.351695560347274, 5.433424010616829, 0.374145788882931, 4.14917891657726, 274.26318773621256, 148.83114657271332, 22.98912890365401, 171.82027547636733, 156.5156356350413, 0.20254058376102832, 0.5706767901552237, 0.0, 0.0, 1.0, 0.0, 305.810546875, 7000.0, 19.45012466630783
DP88, 21.00845248813019, 0.09, 110000.0, 0.0675, 65.0, 59.93380590808386, 5.863467329035397, 5.598104313962352, 0.35893892500850305, 5.590596741499026, 387.62621215125637, 158.614427035252, 24.790860196321766, 183.40528723157377, 175.40668852925828, 0.15461752592906947, 0.4525150338925287, 0.0, 0.0, 1.0, 0.0, 316.796875, 10312.5, 20.985275230879935
DP90, 21.00845248813019, 0.09, 110000.0, 0.0675, 69.0, 60.054365740341446, 5.897767784318252, 5.625540355156603, 0.3678291434076871, 5.62330094240532, 398.4306768622626, 159.77952875996309, 24.926386024845282, 184.70591478480836, 175.93621351829876, 0.15072726380730525, 0.4415729604553513, 0.0, 0.0, 1.0, 0.0, 317.5, 10343.75, 21.02748815601261
DP91, 21.00845248813019, 0.09, 110000.0, 0.0675, 69.0, 60.00057918186319, 5.934837498818579, 5.692980252160092, 0.3770887469828198, 5.658645528375397, 399.82249257965844, 160.8700335426172, 24.851615717659012, 185.7216492602762, 175.6999055289358, 0.15006804343282162, 0.43944477559358497, 0.0, 0.0, 1.0, 0.0, 315.7421875, 10125.0, 21.008655283374434
DP92, 21.00845248813019, 0.09, 110000.0, 0.0825, 65.0, 60.02007688069642, 5.1124887704496125, 5.781037425893814, 0.45994282148476556, 4.874566780561902, 337.15569744463977, 165.80191008287724, 25.290296296184344, 191.0922063790616, 175.78555525550917, 0.17801887180195608, 0.5213779763706137, 0.0, 0.0, 1.0, 0.0, 319.609375, 7000.0, 21.01548222470053
DP93, 21.00845248813019, 0.09, 110000.0, 0.0825, 65.0, 59.956614003716645, 5.376566409004876, 5.829467299490411, 0.4769991963887433, 5.126354929580665, 349.65867326686015, 166.1454246999761, 24.976297453818763, 191.12172215379488, 175.50682583230034, 0.17147183407047262, 0.5019375729837915, 0.0, 0.0, 1.0, 0.0, 316.796875, 7000.0, 20.99326127743737
DP94, 21.00845248813019, 0.09, 110000.0, 0.0825, 69.0, 60.02013198857572, 5.093326489675759, 5.78073457773238, 0.46610653702560345, 4.856296262719412, 341.673936919088, 165.7911360368386, 25.290345217059205, 191.0814812538978, 175.78579735378415, 0.1756649410539883, 0.514484069048006, 0.0, 0.0, 1.0, 0.0, 319.609375, 7000.0, 21.015501520221598
DP95, 21.00845248813019, 0.09, 110000.0, 0.0825, 69.0, 56.07652233424103, 5.335493188813884, 5.45798816855338, 0.4641486818763216, 5.087193150708708, 340.2387541365395, 149.94383514825915, 23.026265748511815, 172.97010089677096, 158.7486251125684, 0.1648152118254502, 0.4665800799660281, 0.0, 0.0, 1.0, 0.0, 306.162109375, 7000.0, 19.634682585974566
