r, v_axial, v_tangential, inflowangle, alpha, f_axial, f_tan, gammas, Cl, Cd,  chords, twist
1.236842105263157993e-01,-1.269536114065987986e+00,4.842308990294166726e+00,2.564049825513072811e-01,3.090766536845777068e-01,1.302704727885575830e-04,2.840668099570898154e-03,2.727985385844461895e-03,2.840668099570898154e-03,1.164165269226720943e-02,3.733890046244180139e-02,1.000000000000000056e-01,1.500000000000000000e+01
1.710526315789473728e-01,-1.648974335350454012e+00,6.658213329865469099e+00,2.427752734316260541e-01,6.455570177888354522e-01,2.415044729036255715e-03,5.669069732451329294e-03,8.994734974194279822e-03,5.669069732451329294e-03,2.715598615132276336e-02,3.605791705206431996e-02,1.000000000000000056e-01,1.455555555555555536e+01
2.184210526315789602e-01,-2.017810597584984045e+00,8.473411386397369682e+00,2.337802259768928526e-01,7.164908290204969887e-01,5.338032938546954063e-03,9.108456219256138436e-03,1.431652936687822716e-02,9.108456219256138436e-03,3.317617934408101377e-02,3.463551771786420319e-02,1.000000000000000056e-01,1.411111111111111072e+01
2.657894736842105199e-01,-2.316539246868537738e+00,1.030676874298268331e+01,2.210850627268145518e-01,9.994256590351255909e-01,1.374381436577737023e-02,1.418429279773508224e-02,2.717717218203878279e-02,1.418429279773508224e-02,5.102232778571313965e-02,3.343432056988071555e-02,1.000000000000000056e-01,1.366666666666666607e+01
3.131578947368421351e-01,-2.554148572571871778e+00,1.215135515195862048e+01,2.071785152806308039e-01,1.351767690855441018e+00,3.015078296150464424e-02,2.112336757575283830e-02,4.739536963865335906e-02,2.112336757575283830e-02,7.567492957261759412e-02,3.234724900595369046e-02,1.000000000000000056e-01,1.322222222222222143e+01
3.605263157894736947e-01,-2.732031149087819522e+00,1.398356883923428207e+01,1.929439216896302878e-01,1.722905382259298790e+00,5.738252626811531781e-02,3.005183047792340037e-02,7.542276641442122176e-02,3.005183047792340037e-02,1.054029373322308560e-01,3.139524029965642948e-02,1.000000000000000056e-01,1.277777777777777857e+01
4.078947368421052544e-01,-2.884039938215177123e+00,1.579968821936283518e+01,1.805499779757832046e-01,1.988581604140989612e+00,9.286091033048257670e-02,4.006793484899708047e-02,1.059153277356952305e-01,4.006793484899708047e-02,1.316783167470106097e-01,3.038736202254734356e-02,1.000000000000000056e-01,1.233333333333333393e+01
4.552631578947368696e-01,-3.047123329219146193e+00,1.760535147818453794e+01,1.713815124432139514e-01,2.069451539323928557e+00,1.291004659936055565e-01,4.964355286097734549e-02,1.309293407608271009e-01,4.964355286097734549e-02,1.464867483620374555e-01,2.904242152231617177e-02,1.000000000000000056e-01,1.188888888888888928e+01
5.026315789473684292e-01,-3.244735205985427751e+00,1.941249231730376579e+01,1.656157594372921482e-01,1.955360407833669711e+00,1.572268585015403064e-01,5.745487010367993086e-02,1.441029582877021986e-01,5.745487010367993086e-02,1.464086745551602120e-01,2.735881022201333904e-02,1.000000000000000056e-01,1.144444444444444464e+01
5.500000000000000444e-01,-3.465349084634721244e+00,2.123157664445393777e+01,1.617901421972453291e-01,1.730107685276395912e+00,1.745614055508778462e-01,6.320218215631112635e-02,1.461802893710868467e-01,6.320218215631112635e-02,1.358927999795336294e-01,2.551399631518198874e-02,1.000000000000000056e-01,1.100000000000000000e+01
5.973684210526315486e-01,-3.673874584131976651e+00,2.306998831046981380e+01,1.579230074370055192e-01,1.507233741402027150e+00,1.879461197014807572e-01,6.803136506887906554e-02,1.448179286009247391e-01,6.803136506887906554e-02,1.239847643296956570e-01,2.376474880840963311e-02,1.000000000000000056e-01,1.055555555555555536e+01
6.447368421052631637e-01,-3.829508058434135886e+00,2.492867747313464122e+01,1.524270097021593329e-01,1.377686771377730324e+00,2.102162032460374030e-01,7.361227589517452263e-02,1.495905111154035572e-01,7.361227589517452263e-02,1.186406600326246619e-01,2.212908452758705069e-02,1.000000000000000056e-01,1.011111111111111072e+01
6.921052631578947789e-01,-3.861502502549925886e+00,2.678835372127121772e+01,1.431624098893218844e-01,1.464064795086564175e+00,2.734773137672804055e-01,8.395559291831670989e-02,1.799266507180853347e-01,8.395559291831670989e-02,1.329971533722305033e-01,2.074003380142651690e-02,1.000000000000000056e-01,9.666666666666667851e+00
7.394736842105262831e-01,-3.682175461967755137e+00,2.862620256880408220e+01,1.279270912250212999e-01,1.892539809643433379e+00,4.329989169660028447e-01,1.038277242510542708e-01,2.642827774743675140e-01,1.038277242510542708e-01,1.831752956337405480e-01,1.975215867376782161e-02,1.000000000000000056e-01,9.222222222222221433e+00
7.868421052631578982e-01,-3.390807238810826796e+00,3.046124731734181879e+01,1.108590566601111577e-01,2.426021710351749405e+00,6.696250640953074207e-01,1.265575794413846544e-01,3.820612218704920182e-01,1.265575794413846544e-01,2.493221691985333943e-01,1.896882924567126760e-02,1.000000000000000056e-01,8.777777777777778567e+00
8.342105263157895134e-01,-3.138048982078893712e+00,3.230030416917639968e+01,9.684836416826700378e-02,2.784330813745605759e+00,9.077305767377522594e-01,1.432592057694339061e-01,4.871904024206799022e-01,1.432592057694339061e-01,3.002183756068318443e-01,1.793889105680715121e-02,1.000000000000000056e-01,8.333333333333333925e+00
8.815789473684210176e-01,-2.998334900658360169e+00,3.425643871458037637e+01,8.730368468989566089e-02,2.886756220216966540e+00,1.106130044988000272e+00,1.533556977358170037e-01,5.590932302562816592e-01,1.533556977358170037e-01,3.250824645676025915e-01,1.641752401509049761e-02,1.000000000000000056e-01,7.888888888888889284e+00
9.289473684210526327e-01,-2.395198515443233589e+00,3.537204876785410335e+01,6.761122919558017197e-02,3.570606363846009046e+00,1.487393058182298944e+00,1.609982934743632854e-01,7.270703035430786665e-01,1.609982934743632854e-01,4.099224427892834144e-01,1.649224611497443482e-02,1.000000000000000056e-01,7.444444444444444642e+00
9.763157894736842479e-01,-1.366898971866020496e+00,4.167650602460840048e+01,3.278607769575900971e-02,5.121496121245005639e+00,3.160553337118278350e+00,1.677341486480271038e-01,1.303119832942783551e+00,1.677341486480271038e-01,6.272496437256240842e-01,1.269432635047338352e-02,1.000000000000000056e-01,7.000000000000000000e+00
1.236842105263157993e-01,-1.272647053397164552e+00,4.831594996198221637e+00,2.575510807845682870e-01,2.434100620113213154e-01,-4.797928473908254134e-05,2.782221935800922082e-03,2.383957294720345701e-03,2.782221935800922082e-03,9.143829598006362330e-03,3.731520423901855954e-02,1.000000000000000056e-01,1.500000000000000000e+01
1.710526315789473728e-01,-1.655043132491799573e+00,6.646648531761607082e+00,2.440411822791791474e-01,5.730257835757726070e-01,1.995461335916459168e-03,5.550832448853902298e-03,8.171624026565892443e-03,5.550832448853902298e-03,2.407822614462986482e-02,3.602817130561145054e-02,1.000000000000000056e-01,1.455555555555555536e+01
2.184210526315789602e-01,-2.018791371012657265e+00,8.464404253752633167e+00,2.341296535457236538e-01,6.964701040809764265e-01,5.122720218991144540e-03,9.043630945365933524e-03,1.359818557642254733e-02,9.043630945365933524e-03,3.223163052326058486e-02,3.463222085056869015e-02,1.000000000000000056e-01,1.411111111111111072e+01
2.657894736842105199e-01,-2.310049783851388927e+00,1.030236842131560415e+01,2.205767770476190770e-01,1.028548283239965500e+00,1.421298555351524148e-02,1.427983755279640249e-02,2.713980941643192799e-02,1.427983755279640249e-02,5.254068179647097825e-02,3.346735286503880330e-02,1.000000000000000056e-01,1.366666666666666607e+01
3.131578947368421351e-01,-2.545513535686396267e+00,1.215045724406781957e+01,2.065126926141726271e-01,1.389916519547641727e+00,3.114129749047874970e-02,2.132751702946998965e-02,4.793365718656372038e-02,2.132751702946998965e-02,7.794751971388894085e-02,3.240411133701558144e-02,1.000000000000000056e-01,1.322222222222222143e+01
3.605263157894736947e-01,-2.725978730343990186e+00,1.398435454192709848e+01,1.925164263540991294e-01,1.747399060746763766e+00,5.830024768227198145e-02,3.022317131051806965e-02,7.602808638131927643e-02,3.022317131051806965e-02,1.069803647744296676e-01,3.142942506637300126e-02,1.000000000000000056e-01,1.277777777777777857e+01
4.078947368421052544e-01,-2.881412740722486987e+00,1.580072753938484986e+01,1.803774438060964658e-01,1.998467083885833162e+00,9.339091518602965492e-02,4.016200158191034209e-02,1.062951630768181749e-01,4.016200158191034209e-02,1.323832448439542508e-01,3.040459709763515539e-02,1.000000000000000056e-01,1.233333333333333393e+01
4.552631578947368696e-01,-3.046342750744270855e+00,1.760607680205650283e+01,1.713315427583917694e-01,2.072314591367838688e+00,1.293112742990742969e-01,4.967908940487707203e-02,1.310916168540705307e-01,4.967908940487707203e-02,1.467065612957423326e-01,2.904685115777069435e-02,1.000000000000000056e-01,1.188888888888888928e+01
5.026315789473684292e-01,-3.244552913238972991e+00,1.941289707055529590e+01,1.656032340919592338e-01,1.956078057258190839e+00,1.572992821370092220e-01,5.746705049585683345e-02,1.441600048581218318e-01,5.746705049585683345e-02,1.464681823243081660e-01,2.735968433140638020e-02,1.000000000000000056e-01,1.144444444444444464e+01
5.500000000000000444e-01,-3.465294818645201502e+00,2.123180314816146463e+01,1.617859565970695690e-01,1.730347502501194512e+00,1.745926842364605436e-01,6.320735340743782738e-02,1.462016271121557576e-01,6.320735340743782738e-02,1.359135905719788262e-01,2.551410422932773314e-02,1.000000000000000056e-01,1.100000000000000000e+01
5.973684210526315486e-01,-3.673859790446099005e+00,2.307013014638340920e+01,1.579214271948975734e-01,1.507324282605422283e+00,1.879616301471134787e-01,6.803395571443886236e-02,1.448270705613209364e-01,6.803395571443886236e-02,1.239931961691604495e-01,2.376473973040821308e-02,1.000000000000000056e-01,1.055555555555555536e+01
6.447368421052631637e-01,-3.829519379488831810e+00,2.492877523521272565e+01,1.524268648180336638e-01,1.377695072626648809e+00,2.102198531255909386e-01,7.361299625076221653e-02,1.495933810787450913e-01,7.361299625076221653e-02,1.186417455702957063e-01,2.212901464791807229e-02,1.000000000000000056e-01,1.011111111111111072e+01
6.921052631578947789e-01,-3.861532112718513599e+00,2.678842479692444911e+01,1.431631180507402235e-01,1.464024220426079381e+00,2.734710421617047582e-01,8.395491913070728118e-02,1.799253882899261026e-01,8.395491913070728118e-02,1.329934692007298247e-01,2.073993256216507056e-02,1.000000000000000056e-01,9.666666666666667851e+00
7.394736842105262831e-01,-3.682215844200429355e+00,2.862625612541971165e+01,1.279282422005201258e-01,1.892473863605027340e+00,4.329847105840392008e-01,1.038262862768315198e-01,2.642786694170221606e-01,1.038262862768315198e-01,1.831686728164798328e-01,1.975202789038625617e-02,1.000000000000000056e-01,9.222222222222221433e+00
7.868421052631578982e-01,-3.390853177897099169e+00,3.046128863010378751e+01,1.108603971926333531e-01,2.425944903495928173e+00,6.696052465573389956e-01,1.265560360904059989e-01,3.820554669230789013e-01,1.265560360904059989e-01,2.493141546649623730e-01,1.896867955793071769e-02,1.000000000000000056e-01,8.777777777777778567e+00
8.342105263157895134e-01,-3.138096150932420336e+00,3.230033651822357399e+01,9.684971444539546004e-02,2.784253448564971478e+00,9.077076288323498998e-01,1.432578722877660138e-01,4.871841066502333173e-01,1.432578722877660138e-01,3.002102024721338691e-01,1.793873690140842733e-02,1.000000000000000056e-01,8.333333333333333925e+00
8.815789473684210176e-01,-2.998377586429465502e+00,3.425646444171365346e+01,8.730485604739936234e-02,2.886689106375703417e+00,1.106106459004209341e+00,1.533546198290018647e-01,5.590872943056062194e-01,1.533546198290018647e-01,3.250750528545905960e-01,1.641740165304250362e-02,1.000000000000000056e-01,7.888888888888889284e+00
9.289473684210526327e-01,-2.395233447985206876e+00,3.537207839627341599e+01,6.761215580163813799e-02,3.570553273229616131e+00,1.487375479286149105e+00,1.609981853675290231e-01,7.270661226379786513e-01,1.609981853675290231e-01,4.099169084601421709e-01,1.649213267724254292e-02,1.000000000000000056e-01,7.444444444444444642e+00
9.763157894736842479e-01,-1.366926559749188641e+00,4.167652559796101741e+01,3.278672355009061568e-02,5.121459116517624643e+00,3.160540702362701460e+00,1.677354451163431126e-01,1.303117571997176372e+00,1.677354451163431126e-01,6.272465414411635409e-01,1.269424772952232675e-02,1.000000000000000056e-01,7.000000000000000000e+00
1.236842105263157993e-01,-1.272767809602224798e+00,4.843578267659754744e+00,2.569649153052134816e-01,2.769948700746152070e-01,4.340456324833255695e-05,2.819226053290024066e-03,2.699488056794450107e-03,2.819226053290024066e-03,1.042354943396710427e-02,3.732024302480853317e-02,1.000000000000000056e-01,1.500000000000000000e+01
1.710526315789473728e-01,-1.658859879038406149e+00,6.652285657762769588e+00,2.443827193700021105e-01,5.534571497244424876e-01,1.889488111301254819e-03,5.532872585231696748e-03,8.371130003719190818e-03,5.532872585231696748e-03,2.325978092772523070e-02,3.601304148982182457e-02,1.000000000000000056e-01,1.455555555555555536e+01
2.184210526315789602e-01,-2.029997208100824402e+00,8.464202714845315612e+00,2.353873022428671913e-01,6.244121416245231870e-01,4.400904851108512414e-03,8.875430908242843905e-03,1.313197029830671242e-02,8.875430908242843905e-03,2.888562814907999488e-02,3.459424482685447694e-02,1.000000000000000056e-01,1.411111111111111072e+01
2.657894736842105199e-01,-2.322862907947579991e+00,1.029849945099252650e+01,2.218412379578370563e-01,9.561000097252065899e-01,1.299481128152836680e-02,1.400183463734584570e-02,2.609302886012446893e-02,1.400183463734584570e-02,4.872853899982416970e-02,3.339721432674024049e-02,1.000000000000000056e-01,1.366666666666666607e+01
3.131578947368421351e-01,-2.553431255110247378e+00,1.214588087059207311e+01,2.072126838803961257e-01,1.349809974297016879e+00,3.006436943288522817e-02,2.109400432801437561e-02,4.691567556807176020e-02,2.109400432801437561e-02,7.554044650633279234e-02,3.234884460805381029e-02,1.000000000000000056e-01,1.322222222222222143e+01
3.605263157894736947e-01,-2.728473592423920735e+00,1.398073461293824593e+01,1.927369586852420713e-01,1.734763488926091668e+00,5.779208788953957288e-02,3.012103173274227955e-02,7.545623343878499201e-02,3.012103173274227955e-02,1.061530447990345488e-01,3.141444685069103016e-02,1.000000000000000056e-01,1.277777777777777857e+01
4.078947368421052544e-01,-2.881176324754621820e+00,1.579847559784432498e+01,1.803881181618526286e-01,1.997855488351984121e+00,9.332411899002159006e-02,4.014497086037639717e-02,1.061058169092904541e-01,4.014497086037639717e-02,1.323288893657949550e-01,3.040535808371482712e-02,1.000000000000000056e-01,1.233333333333333393e+01
4.552631578947368696e-01,-3.045687854905927860e+00,1.760481796053056058e+01,1.713074369913865358e-01,2.073695750079163957e+00,1.293816305869737449e-01,4.968707882947679538e-02,1.310647690114806752e-01,4.968707882947679538e-02,1.468043940237416245e-01,2.905033466261973396e-02,1.000000000000000056e-01,1.188888888888888928e+01
5.026315789473684292e-01,-3.244169537173549500e+00,1.941215455884381669e+01,1.655902405842571701e-01,1.956822530410589067e+00,1.573492251037237888e-01,5.747284238159625080e-02,1.441622783376543260e-01,5.747284238159625080e-02,1.465243490142764393e-01,2.736155749351271496e-02,1.000000000000000056e-01,1.144444444444444464e+01
5.500000000000000444e-01,-3.465118240321725551e+00,2.123130108898621415e+01,1.617816148686215816e-01,1.730596265217057450e+00,1.746087860417969984e-01,6.320846388314256548e-02,1.462013309322194032e-01,6.320846388314256548e-02,1.359320695431515125e-01,2.551482176394810966e-02,1.000000000000000056e-01,1.100000000000000000e+01
5.973684210526315486e-01,-3.673761336488959195e+00,2.306975886479652260e+01,1.579197646016214651e-01,1.507419542183189520e+00,1.879664233491861736e-01,6.803380654726355614e-02,1.448263168327192374e-01,6.803380654726355614e-02,1.240001883117035075e-01,2.376515426888779758e-02,1.000000000000000056e-01,1.055555555555555536e+01
6.447368421052631637e-01,-3.829444863069676686e+00,2.492849180251891639e+01,1.524256508736788474e-01,1.377764626514743185e+00,2.102250069502924479e-01,7.361313902006820509e-02,1.495949234984623455e-01,7.361313902006820509e-02,1.186472328403311571e-01,2.212932258000235852e-02,1.000000000000000056e-01,1.011111111111111072e+01
6.921052631578947789e-01,-3.861467860996716794e+00,2.678820519107772213e+01,1.431619260267337490e-01,1.464092518370728513e+00,2.734787991547201758e-01,8.395549155810416719e-02,1.799292990284870886e-01,8.395549155810416719e-02,1.329993216917198240e-01,2.074018411724916702e-02,1.000000000000000056e-01,9.666666666666667851e+00
7.394736842105262831e-01,-3.682158918574303552e+00,2.862608338211662939e+01,1.279270495591923462e-01,1.892542196919581698e+00,4.329945635126098424e-01,1.038269913461285221e-01,2.642843348046770013e-01,1.038269913461285221e-01,1.831749968258024330e-01,1.975226003236961805e-02,1.000000000000000056e-01,9.222222222222221433e+00
7.868421052631578982e-01,-3.390800931846126076e+00,3.046115071776482353e+01,1.108592008320293254e-01,2.426013449909314446e+00,6.696168300386374783e-01,1.265566237739404465e-01,3.820622224549177770e-01,1.265566237739404465e-01,2.493207038173287371e-01,1.896889874680002600e-02,1.000000000000000056e-01,8.777777777777778567e+00
8.342105263157895134e-01,-3.138047238251505000e+00,3.230022497103869483e+01,9.684854666902240061e-02,2.784320357222562770e+00,9.077210100746070376e-01,1.432583348184224559e-01,4.871913744212331698e-01,1.432583348184224559e-01,3.002166966412666560e-01,1.793894264801166108e-02,1.000000000000000056e-01,8.333333333333333925e+00
8.815789473684210176e-01,-2.998333569683880206e+00,3.425637309983400769e+01,8.730381250523894243e-02,2.886748896937239905e+00,1.106121371588696833e+00,1.533550261591344888e-01,5.590945037962287145e-01,1.533550261591344888e-01,3.250811691645211221e-01,1.641757041822737920e-02,1.000000000000000056e-01,7.888888888888889284e+00
9.289473684210526327e-01,-2.395193644555070556e+00,3.537199419074326556e+01,6.761119612236757281e-02,3.570608258801505563e+00,1.487387481847295856e+00,1.609978761635395828e-01,7.270718536097147133e-01,1.609978761635395828e-01,4.099221756780511150e-01,1.649229977459181970e-02,1.000000000000000056e-01,7.444444444444444642e+00
9.763157894736842479e-01,-1.366886515954177650e+00,4.167646239498619565e+01,3.278581344328684866e-02,5.121511261796386272e+00,3.160551046336457670e+00,1.677334633337659309e-01,1.303121814464931694e+00,1.677334633337659309e-01,6.272505062384661212e-01,1.269439801383587946e-02,1.000000000000000056e-01,7.000000000000000000e+00
1.361111111111111202e-02,-6.999651424196403582e+01,-2.820243755008210584e+01,-1.187782103686945590e+00,1.500000000000000000e+01,1.965208815763854200e-01,-2.787439404629158402e-01,4.948982019757924844e-01,-2.787439404629158402e-01,6.498546498011588124e-01,1.528961730485696169e-01,2.027901234567901223e-02,0.000000000000000000e+00
2.083333333333333565e-02,-3.467337817982475201e+01,2.891085278331103936e+01,8.757794705607578889e-01,-5.000000000000000000e+00,-3.684686847802139814e-02,-3.029097430430960358e-02,-1.170863943582163835e-01,-3.029097430430960358e-02,-2.519717955095804318e-01,4.786394505018382733e-02,2.062839506172839399e-02,0.000000000000000000e+00
2.805555555555555580e-02,-3.967867450331526413e+01,2.098736214445146686e+01,1.084271087554641078e+00,-5.000000000000000000e+00,-2.927720219775669167e-02,-3.655573658168790457e-02,-1.157392294026725749e-01,-3.655573658168790457e-02,-2.510304133940187143e-01,4.795527258772931678e-02,2.056049382716049548e-02,0.000000000000000000e+00
3.527777777777778290e-02,-3.966005798912267011e+01,3.160245332568791454e+01,8.979893082124400516e-01,-5.000000000000000000e+00,-4.562967240850891726e-02,-4.007041682573516533e-02,-1.331557634022294268e-01,-4.007041682573516533e-02,-2.617351377738459939e-01,4.691676112511310864e-02,2.007530864197530976e-02,0.000000000000000000e+00
4.250000000000000305e-02,-3.862718569104563926e+01,3.760109429023032845e+01,7.988581212306855583e-01,-5.000000000000000000e+00,-5.355066562795485902e-02,-3.849451808900702932e-02,-1.361014963047098014e-01,-3.849451808900702932e-02,-2.634784674323543685e-01,4.674763319904604031e-02,1.917283950617284030e-02,0.000000000000000000e+00
4.972222222222222321e-02,-3.798366750338843190e+01,4.329255737745112498e+01,7.201717226381761927e-01,-5.000000000000000000e+00,-5.985122380296024891e-02,-3.620024314692452116e-02,-1.351089807194600645e-01,-3.620024314692452116e-02,-2.628800699223100557e-01,4.680568632132474371e-02,1.785308641975308711e-02,0.000000000000000000e+00
5.694444444444445030e-02,-3.792450733870595769e+01,4.924345553868001701e+01,6.562685458274901684e-01,-5.000000000000000000e+00,-6.462343525115069043e-02,-3.339798643250330851e-02,-1.301400655200657119e-01,-3.339798643250330851e-02,-2.598944716081518780e-01,4.709533208538232291e-02,1.611604938271605017e-02,0.000000000000000000e+00
6.416666666666667740e-02,-3.831041306561103710e+01,5.523362286291628465e+01,6.064222857384485854e-01,-5.000000000000000000e+00,-6.556501486586129024e-02,-2.924749181385925823e-02,-1.186038415060019086e-01,-2.924749181385925823e-02,-2.527849648070598643e-01,4.778505599087545797e-02,1.396172839506172950e-02,0.000000000000000000e+00
7.138888888888889062e-02,-3.822499792136014918e+01,6.127022534764047634e+01,5.577903414235492185e-01,-5.000000000000000000e+00,-6.027005801504479315e-02,-2.240932528178150862e-02,-9.859108682125315715e-02,-2.240932528178150862e-02,-2.397393197798612652e-01,4.905067025774053485e-02,1.139012345679012508e-02,0.000000000000000000e+00
1.361111111111111202e-02,-3.122728213417141774e+01,9.337222497131971721e+00,1.280249422000250714e+00,-5.000000000000000000e+00,-1.068818029253443269e-02,-1.884173044771467534e-02,-7.491686954958150235e-02,-1.884173044771467534e-02,-2.215578985618859575e-01,5.081452831438539736e-02,2.027901234567901223e-02,0.000000000000000000e+00
2.083333333333333565e-02,-3.749250443930409915e+01,4.868955837167590062e-01,1.557810578780835176e+00,-5.000000000000000000e+00,-6.751263041790946107e-03,-2.996342391885447459e-02,-2.426287056057242070e-02,-2.996342391885447459e-02,-2.342174352027558970e-01,4.958637208668012497e-02,2.062839506172839399e-02,0.000000000000000000e+00
2.805555555555555580e-02,-4.240052643836689583e+01,6.075743256420351202e+01,6.092920919800093316e-01,-5.000000000000000000e+00,-1.422640890145099868e-01,-7.407555841722399115e-02,-2.421945377659059373e-01,-7.407555841722399115e-02,-3.185859919351679004e-01,4.140141466581381130e-02,2.056049382716049548e-02,0.000000000000000000e+00
3.527777777777778290e-02,-4.231697559169897715e+01,2.406700994517566983e+01,1.053685520505833750e+00,-5.000000000000000000e+00,-3.542051471114097960e-02,-4.211706702613600417e-02,-1.256501989880690062e-01,-4.211706702613600417e-02,-2.571516675285877573e-01,4.736142333400015364e-02,2.007530864197530976e-02,0.000000000000000000e+00
4.250000000000000305e-02,-4.328727880447063825e+01,2.165844350708746902e+01,1.106875157894056105e+00,-5.000000000000000000e+00,-3.088305751927368503e-02,-4.045280172292687465e-02,-1.167675422863303780e-01,-4.045280172292687465e-02,-2.516069187319949774e-01,4.789934331944511320e-02,1.917283950617284030e-02,0.000000000000000000e+00
4.972222222222222321e-02,-4.483509397739059921e+01,2.291745248474809671e+01,1.098268660374887462e+00,-5.000000000000000000e+00,-3.122838432543401099e-02,-3.988196009554244303e-02,-1.116337010491688236e-01,-3.988196009554244303e-02,-2.483353356484836738e-01,4.821673369892376382e-02,1.785308641975308711e-02,0.000000000000000000e+00
5.694444444444445030e-02,-3.781657315161221788e+01,3.339999438217964212e+01,8.473350116662493603e-01,-5.000000000000000000e+00,-3.536055587719583171e-02,-2.656094861242472294e-02,-9.702878178334341241e-02,-2.656094861242472294e-02,-2.386787861009079803e-01,4.915355720214044377e-02,1.611604938271605017e-02,0.000000000000000000e+00
6.416666666666667740e-02,-3.449833334291069775e+01,2.214160772096894192e+01,1.000195367393471590e+00,-5.000000000000000000e+00,-1.638352758978265170e-02,-1.557734005819001039e-02,-6.054059202089404762e-02,-1.557734005819001039e-02,-2.115851650786713389e-01,5.178202618434007976e-02,1.396172839506172950e-02,0.000000000000000000e+00
7.138888888888889062e-02,-3.050599519048064323e+01,1.744957742226156654e+02,1.730745906666163458e-01,-5.000000000000000000e+00,-5.926117864659454781e-01,-4.581249700312051143e-02,-3.776063608049486375e-01,-4.581249700312051143e-02,-3.742081266809735296e-01,3.600527157430577496e-02,1.139012345679012508e-02,0.000000000000000000e+00
1.361111111111111202e-02,-4.999815982448363627e+01,-1.312123834714664561e+01,-1.314149344683597898e+00,1.500000000000000000e+01,7.468396752824457696e-02,-1.307194160095970503e-01,3.179431787789009922e-01,-1.307194160095970503e-01,6.065880147909723519e-01,1.629416191194259511e-01,2.027901234567901223e-02,0.000000000000000000e+00
2.083333333333333565e-02,-3.524186851515226238e+01,1.860174104057685573e+00,1.518062191234006875e+00,-5.000000000000000000e+00,-7.056399496874081467e-03,-2.570097313298415342e-02,-8.340592917456461641e-02,-2.570097313298415342e-02,-2.291002338457366894e-01,5.008281385175668982e-02,2.062839506172839399e-02,0.000000000000000000e+00
2.805555555555555580e-02,-3.987174013695681651e+01,3.099986353421804708e+01,9.099327361335223241e-01,-5.000000000000000000e+00,-4.614894098836035824e-02,-4.170744564435797941e-02,-1.370995121813480822e-01,-4.170744564435797941e-02,-2.640260853950689990e-01,4.669450641957608589e-02,2.056049382716049548e-02,0.000000000000000000e+00
3.527777777777778290e-02,-4.062832164335624441e+01,2.640863513668586293e+01,9.944171945734298079e-01,-5.000000000000000000e+00,-3.745457603979891054e-02,-3.948187998512799057e-02,-1.248409433800488494e-01,-3.948187998512799057e-02,-2.566431052076694197e-01,4.741076115728158624e-02,2.007530864197530976e-02,0.000000000000000000e+00
4.250000000000000305e-02,-4.499762236516583869e+01,4.143483400228555524e+01,8.265953327048110033e-01,-5.000000000000000000e+00,-7.056347877756533049e-02,-5.544270275781097712e-02,-1.637003829705277747e-01,-5.544270275781097712e-02,-2.791452620650730077e-01,4.522772990857056724e-02,1.917283950617284030e-02,0.000000000000000000e+00
4.972222222222222321e-02,-3.743356094289590885e+01,4.954595604115752394e+01,6.470322707883975344e-01,-5.000000000000000000e+00,-7.450437279117699818e-02,-3.876062796965504265e-02,-1.507421256297055423e-01,-3.876062796965504265e-02,-2.719271176952641200e-01,4.592799321296647114e-02,1.785308641975308711e-02,0.000000000000000000e+00
5.694444444444445030e-02,-3.482070458813403491e+01,5.165475916424572489e+01,5.931341981023927623e-01,-5.000000000000000000e+00,-6.695840833751379173e-02,-2.943192030481503463e-02,-1.305947434870189106e-01,-2.943192030481503463e-02,-2.601495929421572817e-01,4.707058166488370388e-02,1.611604938271605017e-02,0.000000000000000000e+00
6.416666666666667740e-02,-3.650681344210970991e+01,5.533384513881368605e+01,5.832027359163756142e-01,-5.000000000000000000e+00,-6.410197451436454308e-02,-2.670771372121981402e-02,-1.163113263853328416e-01,-2.670771372121981402e-02,-2.513276288297816574e-01,4.792643843694183864e-02,1.396172839506172950e-02,0.000000000000000000e+00
7.138888888888889062e-02,-3.653506861901051650e+01,6.096982177638910372e+01,5.398546075890854334e-01,-5.000000000000000000e+00,-5.846565655704876602e-02,-2.043633413497155521e-02,-9.645732583655720893e-02,-2.043633413497155521e-02,-2.382809841955601526e-01,4.919214967999375326e-02,1.139012345679012508e-02,0.000000000000000000e+00
1.361111111111111202e-02,-6.999652563574038311e+01,-2.820247404915286538e+01,-1.187781711497641890e+00,1.500000000000000000e+01,1.965211205469404865e-01,-2.787440650588057789e-01,4.948981774825619295e-01,-2.787440650588057789e-01,6.498546938600451295e-01,1.528961628191822797e-01,2.027901234567901223e-02,0.000000000000000000e+00
2.083333333333333565e-02,-3.467339056055062230e+01,2.891082569617732290e+01,8.757801070125365017e-01,-5.000000000000000000e+00,-3.684683449085718321e-02,-3.029098442934454252e-02,-1.170863703408680928e-01,-3.029098442934454252e-02,-2.519717773184562137e-01,4.786394681498321035e-02,2.062839506172839399e-02,0.000000000000000000e+00
2.805555555555555580e-02,-3.967868324573862537e+01,2.098732930806819752e+01,1.084271825263448008e+00,-5.000000000000000000e+00,-2.927716404961405033e-02,-3.655574275643862919e-02,-1.157391940881831310e-01,-3.655574275643862919e-02,-2.510303957548770670e-01,4.795527429897848692e-02,2.056049382716049548e-02,0.000000000000000000e+00
3.527777777777778290e-02,-3.966006556958399898e+01,3.160242221812137586e+01,8.979898811122927205e-01,-5.000000000000000000e+00,-4.562962143538078219e-02,-4.007041585126686067e-02,-1.331557235415260776e-01,-4.007041585126686067e-02,-2.617351073770494696e-01,4.691676407403738008e-02,2.007530864197530976e-02,0.000000000000000000e+00
4.250000000000000305e-02,-3.862719253564195299e+01,3.760106382509700040e+01,7.988586147597941389e-01,-5.000000000000000000e+00,-5.355060869660231010e-02,-3.849451435768881657e-02,-1.361014548553411141e-01,-3.849451435768881657e-02,-2.634784321710691435e-01,4.674763661989533858e-02,1.917283950617284030e-02,0.000000000000000000e+00
4.972222222222222321e-02,-3.798367375605252505e+01,4.329252746224634762e+01,7.201721468110858781e-01,-5.000000000000000000e+00,-5.985116363611062140e-02,-3.620023837220021079e-02,-1.351089407565061185e-01,-3.620023837220021079e-02,-2.628800330352311088e-01,4.680568989989930540e-02,1.785308641975308711e-02,0.000000000000000000e+00
5.694444444444445030e-02,-3.792451300946168402e+01,4.924342597692776735e+01,6.562689083166081128e-01,-5.000000000000000000e+00,-6.462337432942269477e-02,-3.339798155762668114e-02,-1.301400294841242034e-01,-3.339798155762668114e-02,-2.598944354131006995e-01,4.709533559682029663e-02,1.611604938271605017e-02,0.000000000000000000e+00
6.416666666666667740e-02,-3.831041809817314459e+01,5.523359360897175208e+01,6.064225952916385554e-01,-5.000000000000000000e+00,-6.556495740270268380e-02,-2.924748765880500617e-02,-1.186038113125338633e-01,-2.924748765880500617e-02,-2.527849315518090334e-01,4.778505921711071608e-02,1.396172839506172950e-02,0.000000000000000000e+00
7.138888888888889062e-02,-3.822500252558379685e+01,6.127019651528894428e+01,5.577906068440918741e-01,-5.000000000000000000e+00,-6.027000939198251528e-02,-2.240932307312530625e-02,-9.859106414944640573e-02,-2.240932307312530625e-02,-2.397392915534584112e-01,4.905067299610557652e-02,1.139012345679012508e-02,0.000000000000000000e+00
1.361111111111111202e-02,-3.122728643427701201e+01,9.337387523276760248e+00,1.280244608831154540e+00,-5.000000000000000000e+00,-1.068830685230195282e-02,-1.884174944406981356e-02,-7.491691811361901598e-02,-1.884174944406981356e-02,-2.215580158323997573e-01,5.081451693746726755e-02,2.027901234567901223e-02,0.000000000000000000e+00
2.083333333333333565e-02,-3.749251860571582995e+01,4.870311060625329702e-01,1.557806969646216011e+00,-5.000000000000000000e+00,-6.751376520289434705e-03,-2.996342975237284434e-02,-2.426286400067389354e-02,-2.996342975237284434e-02,-2.342174721653319247e-01,4.958636850078126934e-02,2.062839506172839399e-02,0.000000000000000000e+00
2.805555555555555580e-02,-4.240053015140232162e+01,6.075757045825184832e+01,6.092910679500851412e-01,-5.000000000000000000e+00,-1.422647090247361190e-01,-7.407572983474298989e-02,-2.421947423097671193e-01,-7.407572983474298989e-02,-3.185862584469885128e-01,4.140138881035309443e-02,2.056049382716049548e-02,0.000000000000000000e+00
3.527777777777778290e-02,-4.231698776634789283e+01,2.406715161158858152e+01,1.053683114597027348e+00,-5.000000000000000000e+00,-3.542074907078122947e-02,-4.211715645354456583e-02,-1.256503034979280231e-01,-4.211715645354456583e-02,-2.571518496277676036e-01,4.736140566777363725e-02,2.007530864197530976e-02,0.000000000000000000e+00
4.250000000000000305e-02,-4.328729294658405991e+01,2.165857819044506272e+01,1.106872800206343044e+00,-5.000000000000000000e+00,-3.088325721005315966e-02,-4.045288009076170033e-02,-1.167676257540191664e-01,-4.045288009076170033e-02,-2.516070760213849344e-01,4.789932806012328625e-02,1.917283950617284030e-02,0.000000000000000000e+00
4.972222222222222321e-02,-4.483511304006887599e+01,2.291757845424706375e+01,1.098266605082503178e+00,-5.000000000000000000e+00,-3.122856948597557691e-02,-3.988204155496520575e-02,-1.116337742240973707e-01,-3.988204155496520575e-02,-2.483354849127094033e-01,4.821671921815771228e-02,1.785308641975308711e-02,0.000000000000000000e+00
5.694444444444445030e-02,-3.781658784801690842e+01,3.340010822224954978e+01,8.473335133570837341e-01,-5.000000000000000000e+00,-3.536073349465562732e-02,-2.656100970350679102e-02,-9.702886623059310545e-02,-2.656100970350679102e-02,-2.386789427251554685e-01,4.915354200734694395e-02,1.611604938271605017e-02,0.000000000000000000e+00
6.416666666666667740e-02,-3.449835917063298041e+01,2.214166240740886238e+01,1.000194585000465652e+00,-5.000000000000000000e+00,-1.638358459583924912e-02,-1.557737368181063425e-02,-6.054060969885339399e-02,-1.557737368181063425e-02,-2.115852456254807834e-01,5.178201837014683589e-02,1.396172839506172950e-02,0.000000000000000000e+00
7.138888888888889062e-02,-3.050598994150540832e+01,1.744963235525020195e+02,1.730740274394654277e-01,-5.000000000000000000e+00,-5.926164867433982852e-01,-4.581273576043610324e-02,-3.776073343065871613e-01,-4.581273576043610324e-02,-3.742088190030984363e-01,3.600520440915168374e-02,1.139012345679012508e-02,0.000000000000000000e+00
1.361111111111111202e-02,-4.999816907164568391e+01,-1.312133908432711848e+01,-1.314147505099899860e+00,1.500000000000000000e+01,7.468430817477145212e-02,-1.307194686414312190e-01,3.179431885283630077e-01,-1.307194686414312190e-01,6.065880776079309866e-01,1.629416045348767161e-01,2.027901234567901223e-02,0.000000000000000000e+00
2.083333333333333565e-02,-3.524187470191564131e+01,1.860061524586084314e+00,1.518065386079903156e+00,-5.000000000000000000e+00,-7.056317481042208989e-03,-2.570099609749459252e-02,-8.340589399958489580e-02,-2.570099609749459252e-02,-2.291002344127880397e-01,5.008281379674460465e-02,2.062839506172839399e-02,0.000000000000000000e+00
2.805555555555555580e-02,-3.987174620121520974e+01,3.099972861840888427e+01,9.099349187597994826e-01,-5.000000000000000000e+00,-4.614868487352986187e-02,-4.170738195317991170e-02,-1.370993072077455743e-01,-4.170738195317991170e-02,-2.640259048984072709e-01,4.669452393033540066e-02,2.056049382716049548e-02,0.000000000000000000e+00
3.527777777777778290e-02,-4.062832646168525486e+01,2.640851599848618037e+01,9.944193101930740575e-01,-5.000000000000000000e+00,-3.745438508612822237e-02,-3.948183443943449611e-02,-1.248407847822990274e-01,-3.948183443943449611e-02,-2.566429676726296183e-01,4.741077450014874461e-02,2.007530864197530976e-02,0.000000000000000000e+00
4.250000000000000305e-02,-4.499762073366832027e+01,4.143470085176461737e+01,8.265969159352550832e-01,-5.000000000000000000e+00,-7.056314222151514881e-02,-5.544259866174203882e-02,-1.637001549021782909e-01,-5.544259866174203882e-02,-2.791450649068594192e-01,4.522774903573886784e-02,1.917283950617284030e-02,0.000000000000000000e+00
4.972222222222222321e-02,-3.743355436606957198e+01,4.954582696928927277e+01,6.470334392756049713e-01,-5.000000000000000000e+00,-7.450402249437131086e-02,-3.876053701222513526e-02,-1.507418915671865089e-01,-3.876053701222513526e-02,-2.719269028647774977e-01,4.592801405459816244e-02,1.785308641975308711e-02,0.000000000000000000e+00
5.694444444444445030e-02,-3.482070022937076459e+01,5.165463532580581330e+01,5.931352512635191809e-01,-5.000000000000000000e+00,-6.695811048999078530e-02,-2.943185777099834727e-02,-1.305945516140284424e-01,-2.943185777099834727e-02,-2.601494023243784426e-01,4.707060015753622428e-02,1.611604938271605017e-02,0.000000000000000000e+00
6.416666666666667740e-02,-3.650681515159563872e+01,5.533371591168393877e+01,5.832038309627481931e-01,-5.000000000000000000e+00,-6.410170286472578749e-02,-2.670766896186110850e-02,-1.163111668452262160e-01,-2.670766896186110850e-02,-2.513274608613120797e-01,4.792645473228722419e-02,1.396172839506172950e-02,0.000000000000000000e+00
7.138888888888889062e-02,-3.653507292809632645e+01,6.096968752437268790e+01,5.398556304524363414e-01,-5.000000000000000000e+00,-5.846542008078420977e-02,-2.043630698508517446e-02,-9.645720042956651419e-02,-2.043630698508517446e-02,-2.382808394509781102e-01,4.919216372228969042e-02,1.139012345679012508e-02,0.000000000000000000e+00
1.361111111111111202e-02,-6.999646068707848201e+01,-2.820245171985173727e+01,-1.187781664308047436e+00,1.500000000000000000e+01,1.965207663772455815e-01,-2.787434844178302007e-01,4.948979017421192839e-01,-2.787434844178302007e-01,6.498545690328434432e-01,1.528961918009813514e-01,2.027901234567901223e-02,0.000000000000000000e+00
2.083333333333333565e-02,-3.467334801788028642e+01,2.891087081751371457e+01,8.757787358917372700e-01,-5.000000000000000000e+00,-3.684686893165104588e-02,-3.029092748253975689e-02,-1.170863732610017277e-01,-3.029092748253975689e-02,-2.519717685474798241e-01,4.786394766589344846e-02,2.062839506172839399e-02,0.000000000000000000e+00
2.805555555555555580e-02,-3.967864293044617341e+01,2.098737327649622841e+01,1.084270539460495453e+00,-5.000000000000000000e+00,-2.927718894149456547e-02,-3.655567460972235228e-02,-1.157391799033515439e-01,-3.655567460972235228e-02,-2.510303608706058731e-01,4.795527768325202889e-02,2.056049382716049548e-02,0.000000000000000000e+00
3.527777777777778290e-02,-3.966002608400953022e+01,3.160246520514192170e+01,8.979887329286038167e-01,-5.000000000000000000e+00,-4.562965892458764605e-02,-4.007035521510296516e-02,-1.331557320879347417e-01,-4.007035521510296516e-02,-2.617350981344150895e-01,4.691676497070518953e-02,2.007530864197530976e-02,0.000000000000000000e+00
4.250000000000000305e-02,-3.862715208777474629e+01,3.760110534468575594e+01,7.988575394757230219e-01,-5.000000000000000000e+00,-5.355065003722648403e-02,-3.849445673429871539e-02,-1.361014721548266804e-01,-3.849445673429871539e-02,-2.634784321228406667e-01,4.674763662457417923e-02,1.917283950617284030e-02,0.000000000000000000e+00
4.972222222222222321e-02,-3.798363317233968672e+01,4.329256746536518818e+01,7.201711590407050556e-01,-5.000000000000000000e+00,-5.985120745759930916e-02,-3.620018468070316381e-02,-1.351089633531358247e-01,-3.620018468070316381e-02,-2.628800396731668654e-01,4.680568925592453605e-02,1.785308641975308711e-02,0.000000000000000000e+00
5.694444444444445030e-02,-3.792447317653833494e+01,4.924346489747149036e+01,6.562680184930339555e-01,-5.000000000000000000e+00,-6.462342001984039408e-02,-3.339793331386774200e-02,-1.301400548812629010e-01,-3.339793331386774200e-02,-2.598944472559394092e-01,4.709533444789544554e-02,1.611604938271605017e-02,0.000000000000000000e+00
6.416666666666667740e-02,-3.831037942561772525e+01,5.523363163303891099e+01,6.064218001625186760e-01,-5.000000000000000000e+00,-6.556500170410409223e-02,-2.924744615613225976e-02,-1.186038360637028805e-01,-2.924744615613225976e-02,-2.527849460094308554e-01,4.778505781451448942e-02,1.396172839506172950e-02,0.000000000000000000e+00
7.138888888888889062e-02,-3.822496488953693472e+01,6.127023362112866067e+01,5.577898927109961047e-01,-5.000000000000000000e+00,-6.027004779423835584e-02,-2.240928958789836778e-02,-9.859108515065698186e-02,-2.240928958789836778e-02,-2.397393063687256187e-01,4.905067155881263213e-02,1.139012345679012508e-02,0.000000000000000000e+00
1.361111111111111202e-02,-3.122723418733233558e+01,9.337289543845535889e+00,1.280247029724301600e+00,-5.000000000000000000e+00,-1.068820671143765055e-02,-1.884166824430642470e-02,-7.491677008119757009e-02,-1.884166824430642470e-02,-2.215578375725801297e-01,5.081453423122089114e-02,2.027901234567901223e-02,0.000000000000000000e+00
2.083333333333333565e-02,-3.749246633615397428e+01,4.869279279208083011e-01,1.557809703045113237e+00,-5.000000000000000000e+00,-6.751276655599660129e-03,-2.996334655214129283e-02,-2.426283383250749104e-02,-2.996334655214129283e-02,-2.342173477476067744e-01,4.958638057108118863e-02,2.062839506172839399e-02,0.000000000000000000e+00
2.805555555555555580e-02,-4.240048227345155141e+01,6.075743814793855080e+01,6.092915600147659205e-01,-5.000000000000000000e+00,-1.422640306658025655e-01,-7.407542577235073922e-02,-2.421942961534898631e-01,-7.407542577235073922e-02,-3.185859440577476498e-01,4.140141931060875580e-02,2.056049382716049548e-02,0.000000000000000000e+00
3.527777777777778290e-02,-4.231693269470004992e+01,2.406705601988454291e+01,1.053684262188568699e+00,-5.000000000000000000e+00,-3.542054376429064344e-02,-4.211699102203449174e-02,-1.256500752448446445e-01,-4.211699102203449174e-02,-2.571516347532855629e-01,4.736142651367351158e-02,2.007530864197530976e-02,0.000000000000000000e+00
4.250000000000000305e-02,-4.328723597453023331e+01,2.165849009410301917e+01,1.106873901209886268e+00,-5.000000000000000000e+00,-3.088308337973300066e-02,-4.045272671601521375e-02,-1.167674283518218281e-01,-4.045272671601521375e-02,-2.516068810727202232e-01,4.789934697293372207e-02,1.917283950617284030e-02,0.000000000000000000e+00
4.972222222222222321e-02,-4.483505810921380430e+01,2.291747214770521168e+01,1.098267988448675903e+00,-5.000000000000000000e+00,-3.122837919906163578e-02,-3.988189405504517088e-02,-1.116335836956123401e-01,-3.988189405504517088e-02,-2.483352894708378000e-01,4.821673817881626939e-02,1.785308641975308711e-02,0.000000000000000000e+00
5.694444444444445030e-02,-3.781652982551806730e+01,3.340002622442939639e+01,8.473339701822589776e-01,-5.000000000000000000e+00,-3.536056535863464634e-02,-2.656089673654795508e-02,-9.702869385598711371e-02,-2.656089673654795508e-02,-2.386787654390019053e-01,4.915355920664103012e-02,1.611604938271605017e-02,0.000000000000000000e+00
6.416666666666667740e-02,-3.449828261549481567e+01,2.214161257684210682e+01,1.000194599291682751e+00,-5.000000000000000000e+00,-1.638350453151449920e-02,-1.557729118203350985e-02,-6.054050954904312276e-02,-1.557729118203350985e-02,-2.115851021355283079e-01,5.178203229072574770e-02,1.396172839506172950e-02,0.000000000000000000e+00
7.138888888888889062e-02,-3.050597267358043396e+01,1.744960054534253402e+02,1.730742406593127058e-01,-5.000000000000000000e+00,-5.926137398751947227e-01,-4.581252687566324949e-02,-3.776063568826085182e-01,-4.581252687566324949e-02,-3.742084136200235500e-01,3.600524373711147530e-02,1.139012345679012508e-02,0.000000000000000000e+00
1.361111111111111202e-02,-4.999810459290790021e+01,-1.312127768505798286e+01,-1.314148337367223141e+00,1.500000000000000000e+01,7.468397313276070593e-02,-1.307191016428834729e-01,3.179428924594736028e-01,-1.307191016428834729e-01,6.065879357368590963e-01,1.629416374738422713e-01,2.027901234567901223e-02,0.000000000000000000e+00
2.083333333333333565e-02,-3.524183330156164118e+01,1.860119849910999656e+00,1.518063673844115558e+00,-5.000000000000000000e+00,-7.056346629595602014e-03,-2.570091814423701437e-02,-8.340584395527710082e-02,-2.570091814423701437e-02,-2.291001455912369533e-01,5.008282241370620030e-02,2.062839506172839399e-02,0.000000000000000000e+00
2.805555555555555580e-02,-3.987169735287964301e+01,3.099980266250572924e+01,9.099331676784796485e-01,-5.000000000000000000e+00,-4.614877247201443211e-02,-4.170731564973974986e-02,-1.370994069276840477e-01,-4.170731564973974986e-02,-2.640259208239097988e-01,4.669452238533374627e-02,2.056049382716049548e-02,0.000000000000000000e+00
3.527777777777778290e-02,-4.062828227469903197e+01,2.640857929212329225e+01,9.944177180657181037e-01,-5.000000000000000000e+00,-3.745444344060064323e-02,-3.948176957354129074e-02,-1.248408460005773907e-01,-3.948176957354129074e-02,-2.566429619041766808e-01,4.741077505977123185e-02,2.007530864197530976e-02,0.000000000000000000e+00
4.250000000000000305e-02,-4.499758730486273350e+01,4.143476658842743632e+01,8.265957551802318726e-01,-5.000000000000000000e+00,-7.056326084770211948e-02,-5.544256383509374442e-02,-1.637002914815219312e-01,-5.544256383509374442e-02,-2.791451079170538807e-01,4.522774486313447390e-02,1.917283950617284030e-02,0.000000000000000000e+00
4.972222222222222321e-02,-3.743351016500869832e+01,4.954589657291569438e+01,6.470321956520453943e-01,-5.000000000000000000e+00,-7.450415308849711593e-02,-3.876049244396535115e-02,-1.507420431547681350e-01,-3.876049244396535115e-02,-2.719269608966262131e-01,4.592800842467832656e-02,1.785308641975308711e-02,0.000000000000000000e+00
5.694444444444445030e-02,-3.482065308465335818e+01,5.165470614918996972e+01,5.931339882484573112e-01,-5.000000000000000000e+00,-6.695822984376642584e-02,-2.943181417713232328e-02,-1.305946829836246437e-01,-2.943181417713232328e-02,-2.601494610281402386e-01,4.707059446243121170e-02,1.611604938271605017e-02,0.000000000000000000e+00
6.416666666666667740e-02,-3.650676306801881310e+01,5.533379228039108000e+01,5.832025407441085996e-01,-5.000000000000000000e+00,-6.410181681218246608e-02,-2.670762395213205700e-02,-1.163112792802212525e-01,-2.670762395213205700e-02,-2.513275159414378734e-01,4.792644938872676202e-02,1.396172839506172950e-02,0.000000000000000000e+00
7.138888888888889062e-02,-3.653501809964264879e+01,6.096976779559973636e+01,5.398543882823674256e-01,-5.000000000000000000e+00,-5.846552309694048183e-02,-2.043626567372122671e-02,-9.645729297559571536e-02,-2.043626567372122671e-02,-2.382808915756075840e-01,4.919215866545465637e-02,1.139012345679012508e-02,0.000000000000000000e+00
