r, v_axial, v_tangential, inflowangle, alpha, Faxial, Ftan, Gammas, v_rot_norm, v_rot_a, v_rot_t, u, v, w, Cl, Cd,  misc
6.250000000000000000e-02,-1.068008301028482210e+00,2.312987195128481499e+00,4.325773279547693306e-01,5.215144795145235435e+00,1.064746834618136330e-02,5.195079798998531416e-03,1.518104829288826618e-01,2.617993877991494411e+00,0.000000000000000000e+00,2.617993877991494411e+00,-3.050066828630128013e-01,-6.614583387518109536e-02,-1.068008301028482210e+00,1.191765906833172073e+00,2.545660938663965589e-02,1.724242373779786794e+04,4.737821018477851531e+00,1.000000000000000056e-01,9.127936421810403544e+00
8.750000000000000833e-02,-1.259360352345803902e+00,3.290069199630898833e+00,3.655707151047402625e-01,8.054340910918970309e+00,2.529971502371100578e-02,1.034725881898990001e-02,2.532901965091274299e-01,3.665191429188092709e+00,0.000000000000000000e+00,3.665191429188092709e+00,-3.751222295571937648e-01,-1.133050584670209499e-01,-1.259360352345803902e+00,1.437980410200711212e+00,3.258896564018341768e-02,2.384256197979274293e+04,1.093074783560398444e+01,1.000000000000000056e-01,6.869026128162514233e-01
1.125000000000000028e-01,-1.434782310830386098e+00,4.268117554910681122e+00,3.242949013294602056e-01,9.419270836210458242e+00,4.465471663738267150e-02,1.624465798417309287e-02,3.444791114769562013e-01,4.712388980384689674e+00,0.000000000000000000e+00,4.712388980384689674e+00,-4.442714254740086632e-01,-1.630594092118719252e-01,-1.434782310830386098e+00,1.530057931613962197e+00,3.765654869390907405e-02,3.047491664316790411e+04,1.900132965803461715e+01,1.000000000000000056e-01,4.239180816457592016e+01
1.375000000000000111e-01,-1.607876184558315824e+00,5.240488563474852590e+00,2.977000373433137392e-01,9.943044299341121217e+00,6.854621877053178325e-02,2.293670221984830948e-02,4.304353695855174800e-01,5.759586531581287971e+00,0.000000000000000000e+00,5.759586531581287971e+00,-5.190979681064353812e-01,-2.228244458126268090e-01,-1.607876184558315824e+00,1.570472223373849063e+00,3.959214668590162189e-02,3.709925593453630427e+04,2.890358572189131792e+01,1.000000000000000056e-01,9.368699996691797205e-01
1.625000000000000056e-01,-1.730222604549517484e+00,6.232265962600539666e+00,2.708034864507171124e-01,1.000000000000000000e+01,9.662428982695880908e-02,2.946775352856163127e-02,5.098178430414778139e-01,6.806784082777885381e+00,0.000000000000000000e+00,6.806784082777885381e+00,-5.745181201773454926e-01,-2.947268964403771951e-01,-1.730222604549517484e+00,1.576435214383307581e+00,3.974876004138275243e-02,4.377502578771547996e+04,4.039429326284399480e+01,1.000000000000000056e-01,4.470530542377726846e+00
1.875000000000000000e-01,-1.858521868911142683e+00,7.216128592702480304e+00,2.520728586607719479e-01,1.000000000000000000e+01,1.289577946829128241e-01,3.670315619191910628e-02,5.873496779277087576e-01,7.853981633974482790e+00,0.000000000000000000e+00,7.853981633974482790e+00,-6.378530412720029297e-01,-3.743192184980993487e-01,-1.858521868911142683e+00,1.576435214383307581e+00,3.974876004138275243e-02,5.043222335321344144e+04,5.361464351291200359e+01,1.000000000000000056e-01,2.566293516036053290e+01
2.125000000000000222e-01,-2.013537106468921589e+00,8.183868421398713622e+00,2.412456246894704448e-01,1.000000000000000000e+01,1.654623807655972167e-01,4.516211582178298461e-02,6.643044242268618671e-01,8.901179185171081087e+00,0.000000000000000000e+00,8.901179185171081087e+00,-7.173107637723679098e-01,-4.556040046281444322e-01,-2.013537106468921589e+00,1.576435214383307581e+00,3.974876004138275243e-02,5.703986975348506530e+04,6.858422622909985478e+01,1.000000000000000056e-01,8.624444305932712496e-01
2.375000000000000167e-01,-2.135135122869776581e+00,9.160365403568050624e+00,2.289955139347013280e-01,9.879523524112382660e+00,2.051707445137745944e-01,5.330288758997682452e-02,7.356712775945638549e-01,9.948376736367679385e+00,0.000000000000000000e+00,9.948376736367679385e+00,-7.880113327996280947e-01,-5.342209888732351031e-01,-2.135135122869776581e+00,1.564274950115503326e+00,3.940153627320423790e-02,6.365876638083278522e+04,8.476578586666904869e+01,1.000000000000000056e-01,2.652537959095380415e+01
2.625000000000000111e-01,-2.225495094393457496e+00,1.013780522952047392e+01,2.160965675285843601e-01,9.618578713348323816e+00,2.472599609349511729e-01,6.077696590631608692e-02,8.007874861693996538e-01,1.099557428756427768e+01,0.000000000000000000e+00,1.099557428756427768e+01,-8.577690580438028789e-01,-6.078356636182824513e-01,-2.225495094393457496e+00,1.543061120506821648e+00,3.847192691768418216e-02,7.024600944620794326e+04,1.018163466353501718e+02,1.000000000000000056e-01,2.877290936206892624e+01
2.874999999999999778e-01,-2.303382099658515259e+00,1.110138004614059604e+01,2.045832655574429115e-01,9.278242324554380360e+00,2.918080093179680756e-01,6.799509532296106606e-02,8.626683458376652736e-01,1.204277183876087420e+01,0.000000000000000000e+00,1.204277183876087420e+01,-9.413917926202781672e-01,-6.792012415576944573e-01,-2.303382099658515259e+00,1.521753195474840670e+00,3.705435447220369050e-02,7.673387827295956959e+04,1.198145567330994794e+02,1.000000000000000056e-01,4.200000000000000000e+01
3.125000000000000000e-01,-2.362468050971412659e+00,1.213531137756006473e+01,1.922722525461932619e-01,8.983611411629627952e+00,3.440557333580023802e-01,7.551925833739454863e-02,9.300770390736022852e-01,1.308996938995747250e+01,0.000000000000000000e+00,1.308996938995747250e+01,-9.546580123974079957e-01,-7.163806626709123826e-01,-2.362468050971412659e+00,1.504597738273064200e+00,3.581375206128763200e-02,8.367313221823646745e+04,1.408586505115541740e+02,1.000000000000000056e-01,2.700000000000000000e+01
3.375000000000000222e-01,-2.962628638793192160e+00,1.469554536853242510e+01,1.989339845722401801e-01,7.601922282290006549e+00,4.712348750075002202e-01,1.059567738249358598e-01,1.051785665715801565e+00,1.413716694115407080e+01,0.000000000000000000e+00,1.413716694115407080e+01,5.583784273783543028e-01,2.577969308000914728e-01,-2.962628638793192160e+00,1.403203646425319473e+00,3.120803994847871216e-02,1.014598116665298730e+05,1.931522954057018353e+02,1.000000000000000056e-01,3.000000000000000000e+00
3.625000000000000444e-01,-3.727642402253719567e+00,1.710889483855024551e+01,2.145248456174999874e-01,5.708631745421696380e+00,5.668628209029235032e-01,1.362219642425841482e-01,1.086929842713532768e+00,1.518436449235066910e+01,0.000000000000000000e+00,1.518436449235066910e+01,1.924530346199575304e+00,1.009088709080577573e+00,-3.727642402253719567e+00,1.241476869313035136e+00,2.646214994707820831e-02,1.185087421224995633e+05,2.331473452261469674e+02,1.000000000000000056e-01,3.000000000000000000e+00
3.875000000000000111e-01,-4.229093339413807051e+00,1.720350361014473961e+01,2.410477135510915581e-01,3.188983352244031622e+00,4.237607639422312777e-01,1.150611806908773405e-01,8.091091768147515850e-01,1.623156204354726739e+01,0.000000000000000000e+00,1.623156204354726739e+01,9.719415665974737717e-01,-7.670164985634624344e-01,-4.229093339413807051e+00,9.134378015492344849e-01,2.200343871692628586e-02,1.198990250070524053e+05,1.755906347684983757e+02,1.000000000000000056e-01,4.000000000000000000e+02
6.250000000000000000e-02,-1.068008302848546309e+00,2.312987252853403231e+00,4.325773191048419841e-01,5.215145302208721745e+00,1.064746931391286934e-02,5.195080152895578500e-03,1.518104928941771958e-01,2.617993877991494411e+00,0.000000000000000000e+00,2.617993877991494411e+00,2.097872729053546492e-01,-2.310705757717284037e-01,-1.068008302848546309e+00,1.191765960191312201e+00,2.545661038043731811e-02,1.724242409765532284e+04,4.737821428362248177e+00,1.000000000000000056e-01,8.500000000000000000e+03
8.750000000000000833e-02,-1.259360332374261704e+00,3.290069266994934516e+00,3.655707029744621472e-01,8.054341605932709314e+00,2.529971688465367657e-02,1.034725924142290525e-02,2.532902099383202987e-01,3.665191429188092709e+00,0.000000000000000000e+00,3.665191429188092709e+00,2.856861222566413061e-01,-2.682128030538162289e-01,-1.259360332374261704e+00,1.437980463674948917e+00,3.258896780489647232e-02,2.384256235726287923e+04,1.093074858819251638e+01,1.000000000000000056e-01,0.000000000000000000e+00
1.125000000000000028e-01,-1.434782273012228604e+00,4.268117633795815102e+00,3.242948877862029677e-01,9.419271612181940867e+00,4.465471944584561287e-02,1.624465839161095757e-02,3.444791268096886183e-01,4.712388980384689674e+00,0.000000000000000000e+00,4.712388980384689674e+00,3.633492391296999080e-01,-3.032205820712710054e-01,-1.434782273012228604e+00,1.530057978403210450e+00,3.765655198215557553e-02,3.047491706767370852e+04,1.900133076846109859e+01,1.000000000000000056e-01,0.000000000000000000e+00
1.375000000000000111e-01,-1.607876166147889752e+00,5.240488640646782770e+00,2.977000300029705171e-01,9.943044719911807050e+00,6.854622253579495395e-02,2.293670292479961514e-02,4.304353868109701553e-01,5.759586531581287971e+00,0.000000000000000000e+00,5.759586531581287971e+00,4.525205437558943444e-01,-3.381397563823060892e-01,-1.607876166147889752e+00,1.570472266631792957e+00,3.959214786967453492e-02,3.709925639731038973e+04,2.890358723911096916e+01,1.000000000000000056e-01,0.000000000000000000e+00
1.625000000000000056e-01,-1.730222443794465992e+00,6.232266123544254910e+00,2.708034558461395180e-01,1.000000000000000000e+01,9.662429407736507214e-02,2.946775159263415739e-02,5.098178518755770439e-01,6.806784082777885381e+00,0.000000000000000000e+00,6.806784082777883604e+00,5.424999203437116391e-01,-3.501837217898280397e-01,-1.730222443794465992e+00,1.576435214383307581e+00,3.974876004138275243e-02,4.377502654623705894e+04,4.039429466272635239e+01,1.000000000000000056e-01,0.000000000000000000e+00
1.875000000000000000e-01,-1.858521700605696658e+00,7.216128778412516098e+00,2.520728305722622631e-01,1.000000000000000000e+01,1.289578004855937710e-01,3.670315392779045782e-02,5.873496887945039990e-01,7.853981633974482790e+00,0.000000000000000000e+00,7.853981633974482790e+00,6.430963385178483094e-01,-3.652371915660035384e-01,-1.858521700605696658e+00,1.576435214383307581e+00,3.974876004138275243e-02,5.043222428626933106e+04,5.361464549678087366e+01,1.000000000000000056e-01,0.000000000000000000e+00
2.125000000000000222e-01,-2.013536822673661852e+00,8.183868686846320628e+00,2.412455844666035187e-01,1.000000000000000000e+01,1.654623900409074588e-01,4.516211120224210285e-02,6.643044391998446097e-01,8.901179185171082864e+00,0.000000000000000000e+00,8.901179185171082864e+00,7.532198530961967675e-01,-3.934071336566324906e-01,-2.013536822673661852e+00,1.576435214383307581e+00,3.974876004138275243e-02,5.703987103911484155e+04,6.858422932075922063e+01,1.000000000000000056e-01,0.000000000000000000e+00
2.375000000000000167e-01,-2.135135050682754443e+00,9.160365615985728738e+00,2.289955013339766976e-01,9.879524246080721994e+00,2.051707621324029007e-01,5.330288949966167922e-02,7.356713235346580282e-01,9.948376736367677609e+00,0.000000000000000000e+00,9.948376736367677609e+00,8.566544802570243977e-01,-4.153271701749832179e-01,-2.135135050682754443e+00,1.564275016119501593e+00,3.940153859466904995e-02,6.365876767003419081e+04,8.476579287664091567e+01,1.000000000000000056e-01,0.000000000000000000e+00
2.625000000000000111e-01,-2.225494925798001233e+00,1.013780553168191467e+01,2.160965454206055791e-01,9.618579980042204269e+00,2.472599887329016977e-01,6.077696741463117086e-02,8.007875521827225729e-01,1.099557428756427591e+01,0.000000000000000000e+00,1.099557428756427413e+01,9.552854887874564493e-01,-4.389317101178809022e-01,-2.225494925798001233e+00,1.543061209206979312e+00,3.847193190994124129e-02,7.024601119899834157e+04,1.018163575691620082e+02,1.000000000000000056e-01,0.000000000000000000e+00
2.874999999999999778e-01,-2.303381782909680098e+00,1.110138050212596106e+01,2.045832300320264696e-01,9.278244360010809544e+00,2.918080535378011486e-01,6.799509588938201787e-02,8.626684410456282315e-01,1.204277183876087243e+01,0.000000000000000000e+00,1.204277183876087243e+01,1.058901184690615782e+00,-4.756681992115538993e-01,-2.303381782909680098e+00,1.521753312133649949e+00,3.705436321275034500e-02,7.673388085916949785e+04,1.198145739945493915e+02,1.000000000000000056e-01,0.000000000000000000e+00
3.125000000000000000e-01,-2.362467570493158142e+00,1.213531213534947817e+01,1.922722026858477429e-01,8.983614268416992843e+00,3.440558126292752594e-01,7.551925955698979287e-02,9.300771950449775449e-01,1.308996938995747250e+01,0.000000000000000000e+00,1.308996938995747072e+01,1.097732469481035755e+00,-4.685671091104399721e-01,-2.362467570493158142e+00,1.504597911239908825e+00,3.581376369669376364e-02,8.367313663101698330e+04,1.408586815618040475e+02,1.000000000000000056e-01,0.000000000000000000e+00
3.375000000000000222e-01,-2.962628076665467347e+00,1.469554695970723479e+01,1.989339268386351167e-01,7.601925590181911829e+00,4.712350576116422496e-01,1.059567877739000102e-01,1.051785958623008721e+00,1.413716694115406902e+01,0.000000000000000000e+00,1.413716694115406902e+01,-5.024486319087940744e-01,3.546728551570528243e-01,-2.962628076665467347e+00,1.403203901596034697e+00,3.120804979832351306e-02,1.014598214712890331e+05,1.931523678614667006e+02,1.000000000000000056e-01,0.000000000000000000e+00
3.625000000000000444e-01,-3.727641139792830849e+00,1.710889661535620832e+01,2.145247535701361175e-01,5.708637019347161612e+00,5.668631622224995503e-01,1.362219911662353733e-01,1.086930382088128644e+00,1.518436449235066910e+01,0.000000000000000000e+00,1.518436449235066732e+01,-1.836159089534615596e+00,1.162151333944873466e+00,-3.727641139792830849e+00,1.241477381346459241e+00,2.646216105396903204e-02,1.185087520532617345e+05,2.331474804596435320e+02,1.000000000000000056e-01,0.000000000000000000e+00
3.875000000000000111e-01,-4.229089173554934078e+00,1.720349795906936308e+01,2.410475613474761525e-01,3.188992072868821026e+00,4.237610268414190307e-01,1.150611719842220965e-01,8.091099366292340278e-01,1.623156204354726384e+01,0.000000000000000000e+00,1.623156204354726384e+01,1.782972257552629114e-01,1.225234876209067236e+00,-4.229089173554934078e+00,9.134389935631783697e-01,2.200344566250605691e-02,1.198989811360251479e+05,1.755907354126787538e+02,1.000000000000000056e-01,0.000000000000000000e+00
6.250000000000000000e-02,-1.068008301255149117e+00,2.312987234143506043e+00,4.325773216156944545e-01,5.215145158347468168e+00,1.064746901787882311e-02,5.195080042012040038e-03,1.518104899138118247e-01,2.617993877991494411e+00,0.000000000000000000e+00,2.617993877991494411e+00,9.521930223586791420e-02,2.972164460825945653e-01,-1.068008301255149117e+00,1.191765945052835063e+00,2.545661009848252873e-02,1.724242397817066012e+04,4.737821302516520561e+00,1.000000000000000056e-01,0.000000000000000000e+00
8.750000000000000833e-02,-1.259360334871377773e+00,3.290069246267392611e+00,3.655707057397823423e-01,8.054341447491534467e+00,2.529971637781961227e-02,1.034725911134003890e-02,2.532902064634577899e-01,3.665191429188092709e+00,0.000000000000000000e+00,3.665191429188092709e+00,8.943598724033641201e-02,3.815178952680848834e-01,-1.259360334871377773e+00,1.437980451484512034e+00,3.258896731141028985e-02,2.384256223229129318e+04,1.093074838093965440e+01,1.000000000000000056e-01,0.000000000000000000e+00
1.125000000000000028e-01,-1.434782275929791684e+00,4.268117611471552664e+00,3.242948899801373353e-01,9.419271486478759670e+00,4.465471879115650439e-02,1.624465825294851840e-02,3.444791235555144104e-01,4.712388980384689674e+00,0.000000000000000000e+00,4.712388980384689674e+00,8.092205006218283758e-02,4.662800214837093948e-01,-1.434782275929791684e+00,1.530057970823605507e+00,3.765655144947743088e-02,3.047491693075139847e+04,1.900133050358815012e+01,1.000000000000000056e-01,0.000000000000000000e+00
1.375000000000000111e-01,-1.607876163202143882e+00,5.240488618351599293e+00,2.977000306822422115e-01,9.943044680992407791e+00,6.854622179093412815e-02,2.293670272691330711e-02,4.304353839723083497e-01,5.759586531581287971e+00,0.000000000000000000e+00,5.759586531581287971e+00,6.657728339604429557e-02,5.609642273872468277e-01,-1.607876163202143882e+00,1.570472262628724636e+00,3.959214776012878745e-02,3.709925624720692576e+04,2.890358693154930947e+01,1.000000000000000056e-01,0.000000000000000000e+00
1.625000000000000056e-01,-1.730222436744881964e+00,6.232266098635043328e+00,2.708034558261464553e-01,1.000000000000000000e+01,9.662429330450279796e-02,2.946775135482092994e-02,5.098178498351336740e-01,6.806784082777885381e+00,0.000000000000000000e+00,6.806784082777885381e+00,3.201797004500672728e-02,6.449106419739127904e-01,-1.730222436744881964e+00,1.576435214383307581e+00,3.974876004138275243e-02,4.377502637103341840e+04,4.039429433938091307e+01,1.000000000000000056e-01,0.000000000000000000e+00
1.875000000000000000e-01,-1.858521670332058395e+00,7.216128757903951474e+00,2.520728273243990070e-01,1.000000000000000000e+01,1.289577996560488105e-01,3.670315323892541642e-02,5.873496866339554812e-01,7.853981633974483678e+00,0.000000000000000000e+00,7.853981633974482790e+00,-5.243559389320306963e-03,7.395564298303327622e-01,-1.858521670332058395e+00,1.576435214383307581e+00,3.974876004138275243e-02,5.043222410075257358e+04,5.361464510233407310e+01,1.000000000000000056e-01,0.000000000000000000e+00
2.125000000000000222e-01,-2.013536752685700648e+00,8.183868675668627191e+00,2.412455767196613476e-01,1.000000000000000000e+01,1.654623893080371944e-01,4.516210962488660663e-02,6.643044370263839760e-01,8.901179185171082864e+00,0.000000000000000000e+00,8.901179185171081087e+00,-3.590943901951848538e-02,8.490111557919466367e-01,-2.013536752685700648e+00,1.576435214383307581e+00,3.974876004138275243e-02,5.703987085248852964e+04,6.858422887196365991e+01,1.000000000000000056e-01,0.000000000000000000e+00
2.375000000000000167e-01,-2.135135016927230289e+00,9.160365579785684886e+00,2.289954987125448205e-01,9.879524396277703957e+00,2.051707621966083750e-01,5.330288896138065530e-02,7.356713266357768344e-01,9.948376736367679385e+00,0.000000000000000000e+00,9.948376736367679385e+00,-6.864343155949503839e-02,9.495482104430599257e-01,-2.135135016927230289e+00,1.564275029850853649e+00,3.940153907762237312e-02,6.365876737957030127e+04,8.476579284717983853e+01,1.000000000000000056e-01,0.000000000000000000e+00
2.625000000000000111e-01,-2.225494872544978353e+00,1.013780548869300446e+01,2.160965412972812305e-01,9.618580216291286789e+00,2.472599890714473336e-01,6.077696650478709578e-02,8.007875566475698426e-01,1.099557428756427591e+01,0.000000000000000000e+00,1.099557428756427591e+01,-9.751679889615372243e-02,1.046767443954786270e+00,-2.225494872544978353e+00,1.543061225750306020e+00,3.847193284103924554e-02,7.024601083753869170e+04,1.018163576129285985e+02,1.000000000000000056e-01,0.000000000000000000e+00
2.874999999999999778e-01,-2.303381706121211181e+00,1.110138042615920284e+01,2.045832247617230260e-01,9.278244661976954077e+00,2.918080525479685994e-01,6.799509421416811972e-02,8.626684440101222151e-01,1.204277183876087243e+01,0.000000000000000000e+00,1.204277183876087420e+01,-1.175098938259748760e-01,1.154869539789625810e+00,-2.303381706121211181e+00,1.521753329440338698e+00,3.705436450943699195e-02,7.673388025016986649e+04,1.198145734553634014e+02,1.000000000000000056e-01,0.000000000000000000e+00
3.125000000000000000e-01,-2.362467456381265762e+00,1.213531193860978163e+01,1.922721966668092530e-01,8.983614613282496109e+00,3.440558058558169652e-01,7.551925611699179808e-02,9.300771917838711600e-01,1.308996938995747250e+01,0.000000000000000000e+00,1.308996938995747072e+01,-1.430751562816121591e-01,1.184947953032477796e+00,-2.362467456381265762e+00,1.504597932120111059e+00,3.581376510129610086e-02,8.367313517644860258e+04,1.408586786192275042e+02,1.000000000000000056e-01,0.000000000000000000e+00
3.375000000000000222e-01,-2.962627989183622468e+00,1.469554670360658122e+01,1.989339244942756879e-01,7.601925724503814763e+00,4.712350444582780185e-01,1.059567837155588332e-01,1.051785947563018908e+00,1.413716694115407080e+01,0.000000000000000000e+00,1.413716694115406725e+01,-5.593070451442549995e-02,-6.124698050166261787e-01,-2.962627989183622468e+00,1.403203911957623617e+00,3.120805019829120744e-02,1.014598196551870351e+05,1.931523623730043937e+02,1.000000000000000056e-01,0.000000000000000000e+00
3.625000000000000444e-01,-3.727641376337967216e+00,1.710889717642473329e+01,2.145247599481613365e-01,5.708636653913234937e+00,4.237610954556308984e-01,1.362220001957110405e-01,1.086930388180865181e+00,1.518436449235066910e+01,0.000000000000000000e+00,1.518436449235066732e+01,-8.837222995336913023e-02,-2.171237195676323672e+00,-3.727641376337967216e+00,1.241477345867310733e+00,2.646216028436491896e-02,1.185087561043163732e+05,2.331474897363515595e+02,1.000000000000000056e-01,0.000000000000000000e+00
3.875000000000000111e-01,-4.229089681138034074e+00,1.720349968321357537e+01,2.410475659377758206e-01,3.188991809864022642e+00,4.237610954556308984e-01,1.150611930300399072e-01,8.091099867878999152e-01,1.623156204354726384e+01,0.000000000000000000e+00,1.623156204354726384e+01,-1.150233362606232212e+00,-4.582093742621518029e-01,-4.229089681138034074e+00,9.134389576133016275e-01,2.200344545303473467e-02,1.198989932876648236e+05,1.755907640939048235e+02,1.000000000000000056e-01,0.000000000000000000e+00
1.277777777777777679e-02,-1.830004569163833494e+01,9.691462928675194988e+00,4.870359510904767042e-01,2.905104468624301717e+00,6.519816569919576268e-03,8.157906267179054413e-03,1.112693971441371943e-01,2.080158563154361318e+01,-1.729039512309049442e+01,1.137372895882971413e+01,1.009650568547840965e+00,-8.238027343664743318e-01,-1.682266030154519365e+00,5.526811675086188425e-01,3.266561411838168200e-02,2.725138677094487502e+04,1.451616407677920790e+02,1.944444444444444475e-02,0.000000000000000000e+00
1.833333333333333343e-02,-1.947062269581764582e+01,1.380067543518893380e+01,6.166041359064809990e-01,4.703814617752385630e+00,1.647146103924047172e-02,1.850448492603398720e-02,1.861982195980428911e-01,2.403642834702531417e+01,-1.752310569002306906e+01,1.631882850614696068e+01,1.947517005794578537e+00,-9.464407862827145523e-01,-2.518153070958027762e+00,8.511241683829686711e-01,3.506601676318536059e-02,2.961216321696095110e+04,2.969213234302837350e+02,1.833333333333333343e-02,0.000000000000000000e+00
2.388888888888888659e-02,-2.052004025573612367e+01,1.831857404383339016e+01,7.287763427540134842e-01,5.505808648784473291e+00,2.875685393999751274e-02,3.056204930001198139e-02,2.379073438306927857e-01,2.778147112840865063e+01,-1.775581625695564725e+01,2.126392805346426229e+01,2.764223998780476421e+00,-1.076887772971297785e+00,-2.945354009630871683e+00,1.004392345619436799e+00,2.728650710855744232e-02,3.206210147546979715e+04,4.654789552229082688e+02,1.722222222222222210e-02,0.000000000000000000e+00
2.944444444444444323e-02,-2.128645316982811764e+01,2.327710466878576057e+01,8.300384283879921332e-01,5.682698780303766739e+00,4.065435509606687980e-02,4.256753784928543616e-02,2.626727565318190960e-01,3.185728670048976241e+01,-1.798852682388822544e+01,2.620902760078151061e+01,3.297926345939891313e+00,-1.207827087191980953e+00,-2.931922931995750936e+00,1.033765015476164617e+00,2.598761078876630007e-02,3.439384501758936676e+04,6.299750801237062205e+02,1.611111111111111077e-02,0.000000000000000000e+00
3.500000000000000333e-02,-2.170095698755670099e+01,2.857802121525206474e+01,9.213327739982174469e-01,5.288479477178377408e+00,4.934740046113846035e-02,5.167730987152303890e-02,2.597178871127860389e-01,3.615217311943338530e+01,-1.822123739082080363e+01,3.115412714809880868e+01,3.479719596735892040e+00,-1.327564351724363156e+00,-2.576105932846742164e+00,9.650376537953831990e-01,2.930953637340737161e-02,3.642882226600433205e+04,7.611023588105333602e+02,1.499999999999999944e-02,0.000000000000000000e+00
4.055555555555555303e-02,-2.164135056778508570e+01,3.417631515252448082e+01,1.006303141104943677e+00,4.531922896071023388e+00,5.195180962450864776e-02,5.495461398570428146e-02,2.298184895323570065e-01,4.059666062719245616e+01,-1.845394795775337826e+01,3.609922669541605700e+01,3.187402610031708328e+00,-1.425956978649483897e+00,-1.922911542891579284e+00,8.181009806355782343e-01,3.628866785289488334e-02,3.802468126187156304e+04,8.199627741296034174e+02,1.388888888888888812e-02,0.000000000000000000e+00
4.611111111111110272e-02,-2.113451879071041972e+01,3.989827714969244710e+01,1.083664130759304234e+00,3.339381102221111064e+00,4.706104320860129281e-02,4.996205678722762805e-02,1.786600297581908692e-01,4.514658807023043607e+01,-1.868665852468595645e+01,4.104432624273330532e+01,2.447860266024465048e+00,-1.497929900501165479e+00,-1.146049093040861333e+00,6.193589640799515017e-01,3.496059548554984048e-02,3.904563647397874593e+04,7.733353171354820006e+02,1.277777777777777853e-02,0.000000000000000000e+00
5.166666666666666630e-02,-2.014657668942275137e+01,4.562440846725413479e+01,1.154971075085666099e+00,1.799968062095970822e+00,3.431898111038697574e-02,3.654332198840569423e-02,1.141101848011919773e-01,4.977304794935092502e+01,-1.891936909161853109e+01,4.598942579005055364e+01,1.227207597804221395e+00,-1.544455405952648519e+00,-3.650173227964161882e-01,3.922189860721838062e-01,2.788114968571684185e-02,3.938069116175139789e+04,5.975754771375841301e+02,1.166666666666666720e-02,0.000000000000000000e+00
5.722222222222221599e-02,-1.916009639991835556e+01,5.096506948833586392e+01,1.211196847526853748e+00,-6.035324771609964500e-01,1.730278112580207681e-02,1.895026598105043272e-02,5.226106722776447527e-02,5.445653787595557560e+01,-1.915207965855111283e+01,5.093452533736785171e+01,8.016741367242730121e-03,-1.569270631153736106e+00,3.054415096801510465e-02,1.818645285426699343e-01,2.198365235512443269e-02,3.889715377353136137e+04,3.302269568383345018e+02,1.055555555555555587e-02,0.000000000000000000e+00
1.277777777777777679e-02,-1.727573108212463637e+01,9.634371701081182238e+00,5.087222904247095112e-01,4.147640185564387849e+00,8.598794804060887198e-03,1.029206809979994405e-02,1.440571643418208370e-01,2.113874693920586978e+01,-1.648754366717310305e+01,1.318752832306392975e+01,7.881874149515333272e-01,-3.251642569143362138e+00,1.474303106155392840e+00,7.490829104066812905e-01,3.744485169070589647e-02,2.603109514805217987e+04,1.795207918643126277e+02,1.944444444444444475e-02,0.000000000000000000e+00
1.833333333333333343e-02,-1.811627170619905058e+01,1.366020797665303910e+01,6.460751694706320380e-01,6.392380458866632864e+00,2.088461487385763829e-02,2.224581376952862108e-02,2.319705912502671719e-01,2.445208836258722940e+01,-1.637118838370681217e+01,1.813262787038119228e+01,1.745083322492240185e+00,-4.047684018858298316e+00,1.934045413809153846e+00,1.115326265016937324e+00,2.654166903185411347e-02,2.815259699433789865e+04,3.516794991801147603e+02,1.833333333333333343e-02,0.000000000000000000e+00
2.388888888888888659e-02,-1.866618899214353888e+01,1.846816461232068463e+01,7.800655674706898912e-01,8.444464759548097277e+00,3.333773311921101740e-02,3.649660442348486716e-02,2.778124856881782900e-01,2.824708347057264390e+01,-1.625483310024052486e+01,2.307772741769845837e+01,2.411355891903014914e+00,-4.168213972096591391e+00,1.999567234265763993e+00,1.228642298779549114e+00,5.498654799750635203e-02,3.060650560143232724e+04,5.188784658231036246e+02,1.722222222222222210e-02,0.000000000000000000e+00
2.944444444444444323e-02,-1.615283484040788764e+01,2.651504856061892212e+01,1.023643219592094589e+00,1.677543620981035843e+01,4.072036205204604409e-02,5.179054196714649727e-02,2.563344836094458845e-01,3.235468930564715606e+01,-1.613847781677423754e+01,2.802282696501572090e+01,1.435702363364921297e-02,-1.489987291514995427e+00,4.348231172576801917e-01,1.024899999999999922e+00,2.013199999999999990e-01,3.385422959280736541e+04,6.051282710755356220e+02,1.611111111111111077e-02,0.000000000000000000e+00
3.500000000000000333e-02,-1.922151723435639070e+01,2.892989460200945473e+01,9.843527195341337244e-01,8.899256381530690874e+00,6.174677191579520247e-02,6.593240007246872758e-02,3.242497762651966320e-01,3.667000425015186238e+01,-1.602212253330794667e+01,3.296792651233300830e+01,3.199394701048442258e+00,-3.698585540486251766e+00,1.669925748385321373e+00,1.244720105198365179e+00,6.141457867683134536e-02,3.526106553665068350e+04,9.197527934675983943e+02,1.499999999999999944e-02,0.000000000000000000e+00
4.055555555555555303e-02,-1.909743796024583062e+01,3.445792235689169303e+01,1.064715232069766149e+00,7.878689180889601573e+00,7.491975746320081453e-02,7.826072219727972512e-02,3.266034715228161578e-01,4.112769868977703425e+01,-1.590576724984165757e+01,3.791302605965026373e+01,3.191670710404174827e+00,-3.221590042466511150e+00,1.330249770807183207e+00,1.193792702501751846e+00,4.697982192907734778e-02,3.703218586318450980e+04,1.134863616891939046e+03,1.388888888888888812e-02,0.000000000000000000e+00
4.611111111111110272e-02,-1.896784742857003181e+01,3.990870622095582121e+01,1.127118793065262858e+00,5.829149852518767716e+00,8.002419868033913697e-02,8.186571676648268792e-02,2.980290496853901239e-01,4.568611477788142139e+01,-1.578941196637537026e+01,4.285812560696751916e+01,3.178435462194665106e+00,-2.821497452640723935e+00,1.011861830623509872e+00,1.055697476540021329e+00,2.526651110061996913e-02,3.821260052023666503e+04,1.262504908634585036e+03,1.277777777777777853e-02,0.000000000000000000e+00
5.166666666666666630e-02,-1.772280604581412078e+01,4.573475927631122318e+01,1.201100882104825907e+00,4.443011314046799498e+00,7.011236241924075074e-02,7.264844475435885962e-02,2.293343160589091378e-01,5.031788612062474186e+01,-1.567305668290908116e+01,4.780322515428480301e+01,2.049749362905040506e+00,-2.104258336597089496e+00,4.922494047106158455e-01,8.015406034449704675e-01,3.674462286211695183e-02,3.872852886906885396e+04,1.181095497529427348e+03,1.166666666666666720e-02,0.000000000000000000e+00
5.722222222222221599e-02,-1.618483985533391589e+01,5.116364689796189680e+01,1.264421695258387990e+00,2.446026663082363939e+00,4.662681670548854407e-02,4.853242454298101194e-02,1.366456856825949140e-01,5.500448472595938654e+01,-1.555670139944279384e+01,5.274832470160205844e+01,6.281384558911242699e-01,-1.736940785575041168e+00,1.608859169257412791e-01,4.824736533081906975e-01,3.054282816878131634e-02,3.833626559269359132e+04,8.509853558052516291e+02,1.055555555555555587e-02,0.000000000000000000e+00
1.277777777777777679e-02,-1.732706675613469827e+01,9.006959779323086224e+00,4.793777728291948037e-01,2.466323175494011366e+00,4.964615034448777511e-03,6.336135256616099581e-03,9.217973973693606438e-02,1.908737731438750629e+01,-1.648754366717310305e+01,9.559929594595491409e+00,8.395230889615934444e-01,1.230139865560375689e-02,1.084632983069145906e+00,4.855194084708027158e-01,3.063054378817889681e-02,2.569900980236451505e+04,1.134068695103478035e+02,1.944444444444444475e-02,0.000000000000000000e+00
1.833333333333333343e-02,-1.841177587625243106e+01,1.299781933254432786e+01,6.147090485867997556e-01,4.595234112525886871e+00,1.424162318445534002e-02,1.609944494906292295e-02,1.715010534398734299e-01,2.189767800963808142e+01,-1.637118838370681217e+01,1.450502914191275394e+01,2.040587492545618886e+00,8.869799206748121279e-01,1.478125330834666240e+00,8.301384173572338154e-01,3.588380680301142545e-02,2.796428935003008519e+04,2.582654330477519693e+02,1.833333333333333343e-02,0.000000000000000000e+00
2.388888888888888659e-02,-1.939737953825592953e+01,1.745874033392976088e+01,7.328463960561083512e-01,5.739005525387788964e+00,2.707446536377957139e-02,2.859720288244507053e-02,2.342759739932962215e-01,2.536974039787393309e+01,-1.625483310024052130e+01,1.945012868923004135e+01,3.142546438015407340e+00,1.381371941407522286e+00,1.590170323932671215e+00,1.042494984664430691e+00,2.566460765809285699e-02,3.041874454513636738e+04,4.348797983077966478e+02,1.722222222222222210e-02,0.000000000000000000e+00
2.944444444444444323e-02,-2.000145217043989021e+01,2.247589541131404545e+01,8.435856470376068561e-01,6.458897233067609989e+00,4.062917049490817611e-02,4.241699677414405983e-02,2.714619807687716491e-01,2.926899809810682740e+01,-1.613847781677423399e+01,2.439522823654730388e+01,3.862974353665656224e+00,1.410110639461850113e+00,1.396282378625158138e+00,1.120045057008937750e+00,2.709547015208799495e-02,3.280658521776145790e+04,6.210086207822517963e+02,1.611111111111111077e-02,0.000000000000000000e+00
3.500000000000000333e-02,-2.034858771740008621e+01,2.771750131702528819e+01,9.375216899975146179e-01,6.216036038829919619e+00,5.264088004842507051e-02,5.445780225731223362e-02,2.838810958567870579e-01,3.344637301185558442e+01,-1.602212253330794667e+01,2.934032778386457352e+01,4.326465184092138649e+00,1.249406478369561313e+00,1.081617433836782549e+00,1.100795865593603873e+00,2.543775615859498324e-02,3.490737496890952025e+04,7.971677474579627187e+02,1.499999999999999944e-02,0.000000000000000000e+00
4.055555555555555303e-02,-2.027408482935678791e+01,3.319199471687977621e+01,1.022464378696399168e+00,5.457893601769590930e+00,5.973459161918159843e-02,6.179927447893859144e-02,2.690112132135057399e-01,3.780979478652479031e+01,-1.590576724984165757e+01,3.428542733118182895e+01,4.368317579515133886e+00,8.827366930723172800e-01,6.579204264975131444e-01,9.959779398144891216e-01,2.770115336004109335e-02,3.656016707422277250e+04,9.228308849814239920e+02,1.388888888888888812e-02,0.000000000000000000e+00
4.611111111111110272e-02,-1.958198285677263328e+01,3.886711329099539114e+01,1.104098336942416214e+00,4.510174874213554119e+00,5.852128673127392905e-02,6.121947259849746387e-02,2.263425186003198697e-01,4.230173036791507712e+01,-1.578941196637537026e+01,3.923052687849908438e+01,3.792570890397263028e+00,3.324442443402815250e-01,1.510168531261835145e-01,8.140266146015122661e-01,3.640777008113940671e-02,3.763700419863905699e+04,9.443850489285887306e+02,1.277777777777777853e-02,0.000000000000000000e+00
5.166666666666666630e-02,-1.845425672751521873e+01,4.449273042281333801e+01,1.177622256432936165e+00,3.097785154280003894e+00,4.835516977845231990e-02,5.073134852714417109e-02,1.636183214410301956e-01,4.688525672970340707e+01,-1.567305668290907938e+01,4.417562642581637533e+01,2.781200044606139787e+00,-1.868448539343472437e-01,-3.105832138468592740e-01,5.823122430193525823e-01,3.366766214718337064e-02,3.803325710411477485e+04,8.275237097529191033e+02,1.166666666666666720e-02,0.000000000000000000e+00
5.722222222222221599e-02,-1.703052184608025499e+01,4.982826305223133545e+01,1.241459213291584485e+00,1.130373359239257525e+00,2.946854700807905597e-02,3.108218845678720199e-02,8.927916036425535828e-02,5.153594183936432671e+01,-1.555670139944279029e+01,4.912072597313363076e+01,1.473820446637468251e+00,-4.676075721073185143e-01,-6.051540853015977550e-01,3.212420018201402327e-01,2.504769316822932218e-02,3.761882969770513591e+04,5.455967299772382830e+02,1.055555555555555587e-02,0.000000000000000000e+00
1.277777777777777679e-02,-1.830004384315523680e+01,9.691463554420201021e+00,4.870360195712724050e-01,2.905108392284869723e+00,6.519824236346630220e-03,8.157914659201062277e-03,1.112695116963441366e-01,2.080158563154360252e+01,-1.729039512309049442e+01,1.137372895882969459e+01,2.086091159259018113e-01,1.286282449867910183e+00,-1.682265404409494458e+00,5.526817722778436526e-01,3.266563400210367729e-02,2.725138500660216596e+04,1.451617808138686883e+02,1.944444444444444475e-02,0.000000000000000000e+00
1.833333333333333343e-02,-1.947062112846726478e+01,1.380067614133877463e+01,6.166041980236185438e-01,4.703818176802201378e+00,1.647147643626066527e-02,1.850449845323615811e-02,1.861983640519649930e-01,2.403642834702533904e+01,-1.752310569002307261e+01,1.631882850614698910e+01,-1.541170061226908583e-01,2.159817630301777314e+00,-2.518152364808217136e+00,8.511248597314082787e-01,3.506598861378008858e-02,2.961216213700792287e+04,2.969215429551873626e+02,1.833333333333333343e-02,0.000000000000000000e+00
2.388888888888888659e-02,-2.052003877320930414e+01,1.831857502758739287e+01,7.287764053257936858e-01,5.505812233883389695e+00,2.875687433131214610e-02,3.056206758455366768e-02,2.379074861698354248e-01,2.778147112840862931e+01,-1.775581625695564725e+01,2.126392805346423032e+01,-4.495005237339944060e-01,2.932329979339443948e+00,-2.945353025876836561e+00,1.004392963004531403e+00,2.728647768212362143e-02,3.206210095000702859e+04,4.654792260885350288e+02,1.722222222222222210e-02,0.000000000000000000e+00
2.944444444444444323e-02,-2.128645180718236674e+01,2.327710580198911217e+01,8.300384845124958444e-01,5.682701996000957934e+00,4.065437790597466183e-02,4.256755915332335188e-02,2.626728829807137289e-01,3.185728670048976596e+01,-1.798852682388822899e+01,2.620902760078151417e+01,-6.029552837299299028e-01,3.459999358373342382e+00,-2.931921798792402001e+00,1.033765515854189854e+00,2.598759206610324474e-02,3.439384492673542263e+04,6.299753817251807959e+02,1.611111111111111077e-02,0.000000000000000000e+00
3.500000000000000333e-02,-2.170095604815766421e+01,2.857802216259782568e+01,9.213328108133717054e-01,5.288481586531332823e+00,4.934742402182133725e-02,5.167733165928058148e-02,2.597179950867056220e-01,3.615217311943334266e+01,-1.822123739082080007e+01,3.115412714809875894e+01,-5.901567733916195380e-01,3.677305835053466865e+00,-2.576104985500935030e+00,9.650380499834928516e-01,2.930951518709792175e-02,3.642882245519964636e+04,7.611026791803855076e+02,1.499999999999999944e-02,0.000000000000000000e+00
4.055555555555555303e-02,-2.164134987944123978e+01,3.417631605610681333e+01,1.006303167431407575e+00,4.531924404466288081e+00,5.195183070819884424e-02,5.495463421319381203e-02,2.298185722635911754e-01,4.059666062719244195e+01,-1.845394795775337826e+01,3.609922669541604279e+01,-3.587879015511497016e-01,3.473348423461498413e+00,-1.922910639309225900e+00,8.181012671481613374e-01,3.628865830552649441e-02,3.802468163330540847e+04,8.199630773133934554e+02,1.388888888888888812e-02,0.000000000000000000e+00
4.611111111111110272e-02,-2.113451819862632419e+01,3.989827804644819764e+01,1.083664151644657458e+00,3.339382298863704079e+00,4.706105903715268601e-02,4.996207308348758064e-02,1.786600848978491529e-01,4.514658807023041476e+01,-1.868665852468595645e+01,4.104432624273328400e+01,7.331372685309345272e-02,2.868872583309733493e+00,-1.146048196285089471e+00,6.193591481632454432e-01,3.496060170240472553e-02,3.904563691960153665e+04,7.733355646349436938e+02,1.277777777777777853e-02,0.000000000000000000e+00
5.166666666666666630e-02,-2.014657623545857845e+01,4.562440925265860159e+01,1.154971089773296544e+00,1.799968903635217998e+00,3.431899152205168668e-02,3.654333264699151373e-02,1.141102167664746203e-01,4.977304794935096055e+01,-1.891936909161853464e+01,4.598942579005058917e+01,7.239324796009554142e-01,1.835019361667687754e+00,-3.650165373919864731e-01,3.922190917349168693e-01,2.788115310988027035e-02,3.938069158426226932e+04,5.975756509454397474e+02,1.166666666666666720e-02,0.000000000000000000e+00
5.722222222222221599e-02,-1.916009610054899426e+01,5.096507009171245528e+01,1.211196856573135916e+00,-6.035319588472134456e-01,1.730278642819112547e-02,1.895027120483908437e-02,5.226108178321769993e-02,5.445653787595556139e+01,-1.915207965855111283e+01,5.093452533736783749e+01,1.355018707265640332e+00,7.915770052876318630e-01,3.054475434461767502e-02,1.818645776598724062e-01,2.198365146428503045e-02,3.889715410174989665e+04,3.302270515976195497e+02,1.055555555555555587e-02,0.000000000000000000e+00
1.277777777777777679e-02,-1.727572608889117589e+01,9.634369295770000008e+00,5.087223071730579971e-01,4.147641145174070232e+00,8.598792363169160610e-03,1.029206468231328754e-02,1.440571556324252989e-01,2.113874693920586978e+01,-1.648754366717310305e+01,1.318752832306393152e+01,2.421915533452036140e+00,2.308408251891991281e+00,1.474304565965715463e+00,7.490830746309737886e-01,3.744485139014602088e-02,2.603108786737830815e+04,1.795207308004808908e+02,1.944444444444444475e-02,0.000000000000000000e+00
1.833333333333333343e-02,-1.811626715792437636e+01,1.366020591243109195e+01,6.460752175171542433e-01,6.392383211729573134e+00,2.088461083687722861e-02,2.224581013735949311e-02,2.319705850563789917e-01,2.445208836258723295e+01,-1.637118838370681217e+01,1.813262787038119939e+01,2.632859742826354488e+00,3.535125681362547567e+00,1.934045656029939053e+00,1.115326474844164695e+00,2.654168929072192595e-02,2.815259094626785009e+04,3.516794142380457515e+02,1.833333333333333343e-02,0.000000000000000000e+00
2.388888888888888659e-02,-1.866618537242547760e+01,1.846816305227567767e+01,7.800656221907406040e-01,8.444467894776053640e+00,3.333772904386511637e-02,3.649660181707303774e-02,2.778124825743656934e-01,2.824708347057264390e+01,-1.625483310024052486e+01,2.307772741769845837e+01,2.404104855409666897e+00,4.172400352344853403e+00,1.999566747841273973e+00,1.228642456747210288e+00,5.498659191615364733e-02,3.060650132328879772e+04,5.188783874792555935e+02,1.722222222222222210e-02,0.000000000000000000e+00
2.944444444444444323e-02,-1.615283103266072118e+01,2.651504847763013828e+01,1.023643322938613043e+00,1.677544213112969373e+01,4.072036052094325093e-02,5.179053709483677492e-02,2.563344666686311335e-01,3.235468930564715606e+01,-1.613847781677423754e+01,2.802282696501572445e+01,1.283190953295861192e+00,7.574243084186544905e-01,4.348218522929623298e-01,1.024899999999999922e+00,2.013199999999999990e-01,3.385422735544744501e+04,6.051281910920470182e+02,1.611111111111111077e-02,0.000000000000000000e+00
3.500000000000000333e-02,-1.922151434740147380e+01,2.892989437802620500e+01,9.843527851953114416e-01,8.899260143639047271e+00,6.174676968686552275e-02,6.593240068292678668e-02,3.242497746653172919e-01,3.667000425015185527e+01,-1.602212253330794312e+01,3.296792651233300120e+01,1.603373896318213365e+00,4.620047800870909604e+00,1.669924661883637640e+00,1.244720162996793666e+00,6.141463271728456880e-02,3.526106372533619287e+04,9.197527416832281233e+02,1.499999999999999944e-02,0.000000000000000000e+00
4.055555555555555303e-02,-1.909743616034424107e+01,3.445792179102726749e+01,1.064715265067389893e+00,7.878691071514175803e+00,7.491976066475126983e-02,7.826072691488021593e-02,3.266034937710109443e-01,4.112769868977703425e+01,-1.590576724984166113e+01,3.791302605965026373e+01,1.194145322027772016e+00,4.374861932409915610e+00,1.330248982687860515e+00,1.193792825259543111e+00,4.697984930584187674e-02,3.703218457779736491e+04,1.134863654807810690e+03,1.388888888888888812e-02,0.000000000000000000e+00
4.611111111111110272e-02,-1.896784623305086370e+01,3.990870562485399375e+01,1.127118811710667634e+00,5.829150920821760451e+00,8.002420741923627068e-02,8.186572505339026473e-02,2.980290854803315237e-01,4.568611477788142139e+01,-1.578941196637537203e+01,4.285812560696753337e+01,8.542722682403545154e-01,4.163354082963051539e+00,1.011861161070860549e+00,1.055697628459225657e+00,2.526650709292562261e-02,3.821259961083632516e+04,1.262505030222922642e+03,1.277777777777777853e-02,0.000000000000000000e+00
5.166666666666666630e-02,-1.772280513482968800e+01,4.573475877323080852e+01,1.201100895716979755e+00,4.443012093965762688e+00,7.011237346467789899e-02,7.264845538906951339e-02,2.293343534090552804e-01,5.031788612062473476e+01,-1.567305668290908294e+01,4.780322515428478880e+01,7.974677744934774992e-01,2.827263875248624103e+00,4.922487612003927371e-01,8.015407470315495386e-01,3.674461939796246079e-02,3.872852823876817274e+04,1.181095670664514046e+03,1.166666666666666720e-02,0.000000000000000000e+00
5.722222222222221599e-02,-1.618483903878103547e+01,5.116364647344862959e+01,1.264421707380322557e+00,2.446027357618049791e+00,4.662682597764464254e-02,4.853243388315020557e-02,1.366457135430720338e-01,5.500448472595937233e+01,-1.555670139944279384e+01,5.274832470160204423e+01,1.190166765727131981e+00,1.412453972893246146e+00,1.608852855143252381e-01,4.824737575322863292e-01,3.054283117036240766e-02,3.833626512760741025e+04,8.509855189874538155e+02,1.055555555555555587e-02,0.000000000000000000e+00
1.277777777777777679e-02,-1.732706518171784182e+01,9.006958893638667973e+00,4.793777697726955278e-01,2.466323000369502694e+00,4.964613793250631513e-03,6.336133730105292933e-03,9.217972622518372239e-02,1.908737731438750984e+01,-1.648754366717309949e+01,9.559929594595498514e+00,-4.304136623256398231e-01,7.208965010191747957e-01,1.084635591807121102e+00,4.855193821910968599e-01,3.063054303134173789e-02,2.569900742640311364e+04,1.134068424022706267e+02,1.944444444444444475e-02,0.000000000000000000e+00
1.833333333333333343e-02,-1.841177486130547791e+01,1.299781852915828395e+01,6.147090454374576352e-01,4.595233932081875139e+00,1.424162081354780375e-02,1.609944243615963125e-02,1.715010364347736571e-01,2.189767800963808853e+01,-1.637118838370681217e+01,1.450502914191276105e+01,-1.788440032561688042e+00,1.323709970063609020e+00,1.478127637984243181e+00,8.301383826522525933e-01,3.588380809632603363e-02,2.796428774632944987e+04,2.582653926285461239e+02,1.833333333333333343e-02,0.000000000000000000e+00
2.388888888888888659e-02,-1.939737896473242884e+01,1.745873963481962932e+01,7.328463908467643950e-01,5.739005226914365210e+00,2.707446211280595608e-02,2.859719961990767403e-02,2.342759559645476164e-01,2.536974039787391533e+01,-1.625483310024052486e+01,1.945012868923001292e+01,-2.767575818027747658e+00,2.030838758069273720e+00,1.590172337257171442e+00,1.042494940150576310e+00,2.566460910118171720e-02,3.041874350311899980e+04,4.348797499444347636e+02,1.722222222222222210e-02,0.000000000000000000e+00
2.944444444444444323e-02,-2.000145204532707766e+01,2.247589471714337606e+01,8.435856348059386223e-01,6.458896532244637001e+00,4.062916690932746183e-02,4.241699271250708864e-02,2.714619641556020868e-01,2.926899809810683095e+01,-1.613847781677423754e+01,2.439522823654730743e+01,-3.152678557047960517e+00,2.640378607875139227e+00,1.396284153264787165e+00,1.120045010864486601e+00,2.709546364859724901e-02,3.280658456162736547e+04,6.210085703570417763e+02,1.611111111111111077e-02,0.000000000000000000e+00
3.500000000000000333e-02,-2.034858780381721743e+01,2.771750077090207753e+01,9.375216785724798108e-01,6.216035384223637550e+00,5.264087569734463706e-02,5.445779765101852604e-02,2.838810777072706126e-01,3.344637301185558442e+01,-1.602212253330794667e+01,2.934032778386456997e+01,-3.245250195404787874e+00,3.122125703231549920e+00,1.081618905624678106e+00,1.100795807672077853e+00,2.543775276530365823e-02,3.490737457391196222e+04,7.971676874718533554e+02,1.499999999999999944e-02,0.000000000000000000e+00
4.055555555555555303e-02,-2.027408493909064902e+01,3.319199436317758511e+01,1.022464371548294615e+00,5.457893192213369105e+00,5.973458603766546721e-02,6.179926916457718217e-02,2.690111919624723069e-01,3.780979478652479031e+01,-1.590576724984165935e+01,3.428542733118182184e+01,-2.948631018715111018e+00,3.341705875191369302e+00,6.579215878272512974e-01,9.959778674002515153e-01,2.770115696867605712e-02,3.656016684425573476e+04,9.228308062760718258e+02,1.388888888888888812e-02,0.000000000000000000e+00
4.611111111111110272e-02,-1.958198305027697472e+01,3.886711301822513320e+01,1.104098330151701335e+00,4.510174485134250233e+00,5.852128065518842626e-02,6.121946669503259414e-02,2.263424975441801490e-01,4.230173036791507712e+01,-1.578941196637537203e+01,3.923052687849907727e+01,-2.184190511851761940e+00,3.118240892443725265e+00,1.510177807459793797e-01,8.140265418023254762e-01,3.640777218155964029e-02,3.763700406326884695e+04,9.443849576779221024e+02,1.277777777777777853e-02,0.000000000000000000e+00
5.166666666666666630e-02,-1.845425700470772057e+01,4.449273019794371464e+01,1.177622249328756254e+00,3.097784747240481806e+00,4.835516417726525018e-02,5.073134280232599602e-02,1.636183035656939289e-01,4.688525672970340707e+01,-1.567305668290908116e+01,4.417562642581636823e+01,-1.228787628009053279e+00,2.502012641113528169e+00,-3.105824784741504363e-01,5.823121806288746871e-01,3.366765996072384332e-02,3.803325702396067936e+04,8.275236176018656806e+02,1.166666666666666720e-02,0.000000000000000000e+00
5.722222222222221599e-02,-1.703052223949716293e+01,4.982826286699977913e+01,1.241459205084322726e+00,1.130372888997797531e+00,2.946854305265727419e-02,3.108218440753407474e-02,8.927914889362184581e-02,5.153594183936431961e+01,-1.555670139944279207e+01,4.912072597313363076e+01,-3.319502819677919714e-01,1.510170132833665857e+00,-6.051535116135063896e-01,3.212419608398988657e-01,2.504769115596710075e-02,3.761882966338601545e+04,5.455966593810036329e+02,1.055555555555555587e-02,0.000000000000000000e+00
1.277777777777777679e-02,-1.830004428990182319e+01,9.691463662690432912e+00,4.870360140950824590e-01,2.905108078522300019e+00,6.519823836288296537e-03,8.157914254635308116e-03,1.112695043535471134e-01,2.080158563154360252e+01,-1.729039512309049087e+01,1.137372895882969459e+01,-1.218257962160479213e+00,-4.624808740954471364e-01,-1.682265296139261901e+00,5.526817239163855922e-01,3.266563241206611040e-02,2.725138559283954237e+04,1.451617743572387553e+02,1.944444444444444475e-02,0.000000000000000000e+00
1.833333333333333343e-02,-1.947062156178402148e+01,1.380067627213442627e+01,6.166041919955109751e-01,4.703817831417076434e+00,1.647147541786479763e-02,1.850449767502120382e-02,1.861983527228161794e-01,2.403642834702533548e+01,-1.752310569002306906e+01,1.631882850614698910e+01,-1.793398588784852254e+00,-1.213378467625279455e+00,-2.518152234012563717e+00,8.511247926400553609e-01,3.506599134551646735e-02,2.961216266950003410e+04,2.969215302284560494e+02,1.833333333333333343e-02,0.000000000000000000e+00
2.388888888888888659e-02,-2.052003920427729255e+01,1.831857514426200950e+01,7.287763980536857700e-01,5.505811817222301841e+00,2.875687268670662489e-02,3.056206623032665937e-02,2.379074726272815132e-01,2.778147112840862576e+01,-1.775581625695564725e+01,2.126392805346423032e+01,-2.314722196680020438e+00,-1.855444242120174003e+00,-2.945352909202219926e+00,1.004392891251882025e+00,2.728648110207107860e-02,3.206210141539619144e+04,4.654792063483344009e+02,1.722222222222222210e-02,0.000000000000000000e+00
2.944444444444444323e-02,-2.128645222645044299e+01,2.327710589710256528e+01,8.300384767384137996e-01,5.682701550578869387e+00,4.065437562699344282e-02,4.256755712436512823e-02,2.626728683102644846e-01,3.185728670048977662e+01,-1.798852682388822188e+01,2.620902760078152838e+01,-2.694969956302324832e+00,-2.252174608144104972e+00,-2.931921703678962210e+00,1.033765446544359978e+00,2.598759465947170916e-02,3.439384531178763427e+04,6.299753535934876254e+02,1.611111111111111077e-02,0.000000000000000000e+00
3.500000000000000333e-02,-2.170095640217606814e+01,2.857802226918656530e+01,9.213328047525943809e-01,5.288481239274368306e+00,4.934742104980519711e-02,5.167732902194619587e-02,2.597179796972984289e-01,3.615217311943334977e+01,-1.822123739082080007e+01,3.115412714809876960e+01,-2.889562167836058126e+00,-2.349743920380134909e+00,-2.576104878912203411e+00,9.650379847601361361e-01,2.930951867494166474e-02,3.642882275872628088e+04,7.611026404233521134e+02,1.499999999999999944e-02,0.000000000000000000e+00
4.055555555555555303e-02,-2.164135018208297012e+01,3.417631614471967794e+01,1.006303162282520258e+00,4.531924109456781480e+00,5.195182739135956879e-02,5.495463111043450560e-02,2.298185578673886675e-01,4.059666062719245616e+01,-1.845394795775337826e+01,3.609922669541605700e+01,-2.828614329512966208e+00,-2.047393819886662580e+00,-1.922910550696375953e+00,8.181012111124936759e-01,3.628866017278536277e-02,3.802468185587249172e+04,8.199630307490606356e+02,1.388888888888888812e-02,0.000000000000000000e+00
4.611111111111110272e-02,-2.113451847666712879e+01,3.989827809978047668e+01,1.083664146755768609e+00,3.339382018751003045e+00,4.706105595298375882e-02,4.996206992811790676e-02,1.786600731694298894e-01,4.514658807023043607e+01,-1.868665852468595645e+01,4.104432624273330532e+01,-2.521173733071878420e+00,-1.370944870966810392e+00,-1.146048142952830418e+00,6.193591050726275915e-01,3.496060024714980896e-02,3.904563707291030732e+04,7.733355169045871662e+02,1.277777777777777853e-02,0.000000000000000000e+00
5.166666666666666630e-02,-2.014657647974849652e+01,4.562440928900228698e+01,1.154971085586963930e+00,1.799968663776013500e+00,3.431898894592639443e-02,3.654333002585920948e-02,1.141102083063804951e-01,4.977304794935091792e+01,-1.891936909161853109e+01,4.598942579005054654e+01,-1.951139954047443670e+00,-2.905658540807380952e-01,-3.650165010482584460e-01,3.922190616184615952e-01,2.788115213391020170e-02,3.938069168843058287e+04,5.975756082220957524e+02,1.166666666666666720e-02,0.000000000000000000e+00
5.722222222222221599e-02,-1.916009630497138616e+01,5.096507013500326622e+01,1.211196853338596835e+00,-6.035321441726466674e-01,1.730278470818134851e-02,1.895026952967997225e-02,5.226107684446990032e-02,5.445653787595556139e+01,-1.915207965855110928e+01,5.093452533736784460e+01,-1.363035455058504652e+00,7.776920609555424413e-01,3.054479763542339299e-02,1.818645600977948917e-01,2.198365178280867888e-02,3.889715418208931806e+04,3.302270210727778590e+02,1.055555555555555587e-02,0.000000000000000000e+00
1.277777777777777679e-02,-1.727572655407465874e+01,9.634369513503521887e+00,5.087223053322793564e-01,4.147641039705220578e+00,8.598792548207946987e-03,1.029206495829710841e-02,1.440571558924408080e-01,2.113874693920586978e+01,-1.648754366717310305e+01,1.318752832306393685e+01,-3.210097943807624254e+00,9.432357081358565543e-01,1.474304618407142442e+00,7.490830565813985098e-01,3.744485142317997839e-02,2.603108854159469047e+04,1.795207357741568330e+02,1.944444444444444475e-02,0.000000000000000000e+00
1.833333333333333343e-02,-1.811626763801403328e+01,1.366020613174074150e+01,6.460752124956905540e-01,6.392382924020893142e+00,2.088461126971630222e-02,2.224581052860274272e-02,2.319705857643977465e-01,2.445208836258723295e+01,-1.637118838370680862e+01,1.813262787038119583e+01,-4.377938489280673195e+00,5.125600108188131943e-01,1.934045753026784054e+00,1.115326452914589650e+00,2.654168717341632774e-02,2.815259158572974047e+04,3.516794232995076186e+02,1.833333333333333343e-02,0.000000000000000000e+00
2.388888888888888659e-02,-1.866618585072253822e+01,1.846816328647228644e+01,7.800656157197995988e-01,8.444467524018442361e+00,3.333772970527471707e-02,3.649660232177952962e-02,2.778124836904233286e-01,2.824708347057264390e+01,-1.625483310024052486e+01,2.307772741769845837e+01,-4.815457056672999059e+00,-4.184891262627665753e-03,1.999566899588356872e+00,1.228642438066682496e+00,5.498658672253679131e-02,3.060650191158934103e+04,5.188783995372868958e+02,1.722222222222222210e-02,0.000000000000000000e+00
2.944444444444444323e-02,-1.615283161262403056e+01,2.651504857663679005e+01,1.023643308644977878e+00,1.677544131216473033e+01,4.072036100155018018e-02,5.179053811064618373e-02,2.563344698578723380e-01,3.235468930564716317e+01,-1.613847781677423754e+01,2.802282696501573156e+01,-1.297544211978351569e+00,7.325631642756005313e-01,4.348221486509697975e-01,1.024899999999999922e+00,2.013199999999999990e-01,3.385422777664782188e+04,6.051282061495592188e+02,1.611111111111111077e-02,0.000000000000000000e+00
3.500000000000000333e-02,-1.922151483223448309e+01,2.892989448771425387e+01,9.843527753165449701e-01,8.899259577627425699e+00,6.174677034658758445e-02,6.593240093744985597e-02,3.242497757577322837e-01,3.667000425015184817e+01,-1.602212253330794667e+01,3.296792651233297988e+01,-4.802765663627908133e+00,-9.214619613066417081e-01,1.669925020908182844e+00,1.244720154300982928e+00,6.141462458686362813e-02,3.526106409046918998e+04,9.197527543060145945e+02,1.499999999999999944e-02,0.000000000000000000e+00
4.055555555555555303e-02,-1.909743645817399482e+01,3.445792192391083830e+01,1.064715260090226323e+00,7.878690786343703678e+00,7.491976038854038233e-02,7.826072641921463791e-02,3.266034908657612923e-01,4.112769868977703425e+01,-1.590576724984165757e+01,3.791302605965026373e+01,-4.385814057363055518e+00,-1.153271226555621531e+00,1.330249365085072633e+00,1.193792806743494195e+00,4.697984517649490127e-02,3.703218482276041323e+04,1.134863652219717551e+03,1.388888888888888812e-02,0.000000000000000000e+00
4.611111111111110272e-02,-1.896784641242064851e+01,3.990870571588452265e+01,1.127118808928691873e+00,5.829150761426291183e+00,8.002420612373450926e-02,8.186572382552013971e-02,2.980290801551838675e-01,4.568611477788142139e+01,-1.578941196637537026e+01,4.285812560696752627e+01,-4.032706329027652359e+00,-1.341855881424818264e+00,1.011861570155990098e+00,1.055697605792217386e+00,2.526650769089110876e-02,3.821259974852354935e+04,1.262505012213616737e+03,1.277777777777777853e-02,0.000000000000000000e+00
5.166666666666666630e-02,-1.772280525263432693e+01,4.573475880261096904e+01,1.201100893693895166e+00,4.443011978051544020e+00,7.011237168390160868e-02,7.264845366430291995e-02,2.293343476303556228e-01,5.031788612062474897e+01,-1.567305668290908649e+01,4.780322515428479591e+01,-2.847216041069843939e+00,-7.230048292511392916e-01,4.922491909331931925e-01,8.015407256912220335e-01,3.674461991281693235e-02,3.872852829400956398e+04,1.181095642588235251e+03,1.166666666666666720e-02,0.000000000000000000e+00
5.722222222222221599e-02,-1.618483913274008046e+01,5.116364644755038427e+01,1.264421705565374809e+00,2.446027253629210918e+00,4.662682442632665181e-02,4.853243231498520494e-02,1.366457091327671347e-01,5.500448472595938654e+01,-1.555670139944279562e+01,5.274832470160205133e+01,-1.818304258134243900e+00,3.244874740877512487e-01,1.608857251321311743e-01,4.824737419274111594e-01,3.054283072095291193e-02,3.833626513021221763e+04,8.509854915792727752e+02,1.055555555555555587e-02,0.000000000000000000e+00
1.277777777777777679e-02,-1.732706547780656692e+01,9.006958938786006286e+00,4.793777648308421568e-01,2.466322717222162453e+00,4.964613414844481348e-03,6.336133340257768011e-03,9.217971949651052044e-02,1.908737731438750629e+01,-1.648754366717309949e+01,9.559929594595498514e+00,-4.091079899798819586e-01,-7.331976785770755178e-01,1.084635480945279618e+00,4.855193397011628442e-01,3.063054180766134477e-02,2.569900779953589154e+04,1.134068357707257633e+02,1.944444444444444475e-02,0.000000000000000000e+00
1.833333333333333343e-02,-1.841177510502512149e+01,1.299781857304138555e+01,6.147090407914894694e-01,4.595233665887505481e+00,1.424162000927127643e-02,1.609944177375367130e-02,1.715010275654061112e-01,2.189767800963808142e+01,-1.637118838370680862e+01,1.450502914191275927e+01,-2.521465511230647216e-01,-2.210689706549670674e+00,1.478127518670556029e+00,8.301383314548175241e-01,3.588381000424784723e-02,2.796428802477920544e+04,2.582653818437171935e+02,1.833333333333333343e-02,0.000000000000000000e+00
2.388888888888888659e-02,-1.939737917944826151e+01,1.745873964204876216e+01,7.328463855485376488e-01,5.739004923348332454e+00,2.707446103409719140e-02,2.859719865473128037e-02,2.342759472665042753e-01,2.536974039787391533e+01,-1.625483310024052130e+01,1.945012868923002003e+01,-3.749701057843899399e-01,-3.412210558030106533e+00,1.590172226723552296e+00,1.042494894877218359e+00,2.566461056889282957e-02,3.041874369477587243e+04,4.348797365385457283e+02,1.722222222222222210e-02,0.000000000000000000e+00
2.944444444444444323e-02,-2.000145230121871975e+01,2.247589462813814620e+01,8.435856264857570785e-01,6.458896055533358549e+00,4.062916585569216477e-02,4.241699139601012164e-02,2.714619574830756665e-01,2.926899809810682740e+01,-1.613847781677423043e+01,2.439522823654730388e+01,-7.102956764295578207e-01,-4.050489316942531559e+00,1.396284085232939010e+00,1.120044979476274349e+00,2.709545922481619573e-02,3.280658467461835244e+04,6.210085572315587115e+02,1.611111111111111077e-02,0.000000000000000000e+00
3.500000000000000333e-02,-2.034858798833518634e+01,2.771750070497042628e+01,9.375216731120576963e-01,6.216035071364501619e+00,5.264087435879952204e-02,5.445779621607360621e-02,2.838810710309718210e-01,3.344637301185557732e+01,-1.602212253330794312e+01,2.934032778386456286e+01,-1.081215061753668660e+00,-4.371532183243834524e+00,1.081618826268361477e+00,1.100795779989363732e+00,2.543775114353157701e-02,3.490737463081187161e+04,7.971676700235586850e+02,1.499999999999999944e-02,0.000000000000000000e+00
4.055555555555555303e-02,-2.027408503478560320e+01,3.319199432613365985e+01,1.022464368952131331e+00,5.457893043464174809e+00,5.973458433952986285e-02,6.179926757484447558e-02,2.690111849850992387e-01,3.780979478652479031e+01,-1.590576724984165580e+01,3.428542733118182184e+01,-1.419686637348740454e+00,-4.224442435848228428e+00,6.579214998498517097e-01,9.959778410996878995e-01,2.770115827931795074e-02,3.656016686142873368e+04,9.228307827740283074e+02,1.388888888888888812e-02,0.000000000000000000e+00
4.611111111111110272e-02,-1.958198312176112665e+01,3.886711296986227637e+01,1.104098328184851319e+00,4.510174372442044444e+00,5.852127898759559160e-02,6.121946508169163331e-02,2.263424916239540619e-01,4.230173036791507712e+01,-1.578941196637536670e+01,3.923052687849908438e+01,-1.608380523765514214e+00,-3.450685026610187833e+00,1.510177094188716040e-01,8.140265207169044004e-01,3.640777278992144567e-02,3.763700405373248213e+04,9.443849327373050073e+02,1.277777777777777853e-02,0.000000000000000000e+00
5.166666666666666630e-02,-1.845425706780212494e+01,4.449273014016071670e+01,1.177622247659224630e+00,3.097784651583353366e+00,4.835516285021587701e-02,5.073134144569510506e-02,1.636182993467032998e-01,4.688525672970340707e+01,-1.567305668290907938e+01,4.417562642581636112e+01,-1.552412642006694821e+00,-2.315167725020639278e+00,-3.105825295683621867e-01,5.823121659666768979e-01,3.366765944689059653e-02,3.803325700090359896e+04,8.275235957620749332e+02,1.166666666666666720e-02,0.000000000000000000e+00
5.722222222222221599e-02,-1.703052230667691447e+01,4.982826280876854952e+01,1.241459203519474475e+00,1.130372799338601908e+00,2.946854227138911986e-02,3.108218360689136289e-02,8.927914666549822964e-02,5.153594183936432671e+01,-1.555670139944279207e+01,4.912072597313361655e+01,-1.141870517041671196e+00,-1.042562544664131785e+00,-6.051535444206205261e-01,3.212419530263481704e-01,2.504769077229652280e-02,3.761882963954328443e+04,5.455966454188900343e+02,1.055555555555555587e-02,0.000000000000000000e+00
